Economy,Year,Commercial,GDP
01_AUS,2017,317.18921649238365,806522474697.935
01_AUS,2018,318.7956590528056,824362940033.843
01_AUS,2019,324.19994754517205,839201472954.452
01_AUS,2020,309.57232930183875,783885142803.389
01_AUS,2021,312.65874340296557,832668948013.244
01_AUS,2022,310.28662621515247,855828264370.798
01_AUS,2023,310.2423689289056,879160380396.386
01_AUS,2024,307.63580265103553,903038765556.475
01_AUS,2025,307.2665733030775,927606108934.32
01_AUS,2026,304.52855202739175,952901005063.845
01_AUS,2027,303.9298796374048,978860774145.777
01_AUS,2028,303.20686022985365,1005530867894.87
01_AUS,2029,302.3690534486045,1032973433761.52
01_AUS,2030,301.423232662728,1061259156368.58
01_AUS,2031,300.36031930922746,1090454222632.11
01_AUS,2032,301.08468589930754,1120736812148.67
01_AUS,2033,299.86103431094296,1152164440650.38
01_AUS,2034,300.3755508427467,1184781752729.15
01_AUS,2035,300.8005906531515,1218627364721.99
01_AUS,2036,301.1516460321078,1253735906900.33
01_AUS,2037,301.427495638212,1289997225384.23
01_AUS,2038,301.6321540129316,1327414505868.05
01_AUS,2039,303.29773462226467,1365988854303.23
01_AUS,2040,304.8084229737867,1405725547582.07
01_AUS,2041,304.7858155916329,1446641722286.16
01_AUS,2042,306.11418181660184,1488918500763.91
01_AUS,2043,308.70148756183477,1532596776833.59
01_AUS,2044,309.7320811023184,1577721119332.33
01_AUS,2045,311.9723586828053,1624334193847.46
01_AUS,2046,314.04176408632804,1672473946879.83
01_AUS,2047,315.94925141508435,1721975735540.51
01_AUS,2048,317.7025915737286,1772818128258.23
01_AUS,2049,319.3095249793049,1824980990221.26
01_AUS,2050,321.966145917404,1878465906659.58
01_AUS,2051,0.0,
01_AUS,2052,0.0,
01_AUS,2053,0.0,
01_AUS,2054,0.0,
01_AUS,2055,0.0,
01_AUS,2056,0.0,
01_AUS,2057,0.0,
01_AUS,2058,0.0,
01_AUS,2059,0.0,
01_AUS,2060,0.0,
01_AUS,2061,0.0,
01_AUS,2062,0.0,
01_AUS,2063,0.0,
01_AUS,2064,0.0,
01_AUS,2065,0.0,
01_AUS,2066,0.0,
01_AUS,2067,0.0,
01_AUS,2068,0.0,
01_AUS,2069,0.0,
01_AUS,2070,0.0,
02_BD,2017,6.160112508188308,10576746311.14
02_BD,2018,6.648255788406349,9671948028.9847
02_BD,2019,6.748159510894853,10049154002.1151
02_BD,2020,6.837208250279268,10210572751.1525
02_BD,2021,6.9196786275301285,10599896161.085
02_BD,2022,6.999950753049957,10934276359.9825
02_BD,2023,7.073866688657741,11220040999.248
02_BD,2024,7.144025556103575,11456740214.6106
02_BD,2025,7.209774715732001,11694768230.2662
02_BD,2026,7.271440622114796,11883130353.9231
02_BD,2027,7.329547698291458,12072524628.7792
02_BD,2028,7.383337933440898,12211646139.745
02_BD,2029,7.434660873496119,12402963155.1106
02_BD,2030,7.481437065026897,12543705281.258
02_BD,2031,7.522811840382904,12633408848.5628
02_BD,2032,7.561908113639781,12775473013.6421
02_BD,2033,7.596526583986756,12866190934.7565
02_BD,2034,7.627825923310561,12957340649.3226
02_BD,2035,7.657223437245214,13101329258.3482
02_BD,2036,7.681499380247223,13140942600.4851
02_BD,2037,7.703606196028235,13233398419.0062
02_BD,2038,7.722827621480928,13326293201.5153
02_BD,2039,7.739011576194638,13419628755.0969
02_BD,2040,7.752620035870055,13513406902.8042
02_BD,2041,7.761623263108257,13607629456.5765
02_BD,2042,7.767071069986049,13648773655.4194
02_BD,2043,7.770305671881571,13743728693.832
02_BD,2044,7.7706498571474345,13839133170.9572
02_BD,2045,7.767754861688685,13934988927.5018
02_BD,2046,7.760994286576795,13977122932.1832
02_BD,2047,7.752209440399781,14073723034.1797
02_BD,2048,7.739540210089662,14116276517.7105
02_BD,2049,7.724852400027693,14213626459.889
02_BD,2050,7.706865728119494,14311436043.0112
02_BD,2051,0.0,
02_BD,2052,0.0,
02_BD,2053,0.0,
02_BD,2054,0.0,
02_BD,2055,0.0,
02_BD,2056,0.0,
02_BD,2057,0.0,
02_BD,2058,0.0,
02_BD,2059,0.0,
02_BD,2060,0.0,
02_BD,2061,0.0,
02_BD,2062,0.0,
02_BD,2063,0.0,
02_BD,2064,0.0,
02_BD,2065,0.0,
02_BD,2066,0.0,
02_BD,2067,0.0,
02_BD,2068,0.0,
02_BD,2069,0.0,
02_BD,2070,0.0,
03_CDA,2017,1012.6582332238386,1184299433424.61
03_CDA,2018,1067.0497349722186,1206765294716.18
03_CDA,2019,1089.885130719566,1226073539431.64
03_CDA,2020,1044.7799378052482,1150502744936.4
03_CDA,2021,1055.5250788312662,1199288527193.69
03_CDA,2022,1068.1370374043054,1218243081070.56
03_CDA,2023,1076.8627316365898,1237934874307.19
03_CDA,2024,1081.7759036475943,1258433546680.27
03_CDA,2025,1086.6668685843529,1279716152275.89
03_CDA,2026,1093.3878200044362,1301692971766.48
03_CDA,2027,1098.2696175309582,1324483570137.67
03_CDA,2028,1105.0519661512103,1348095211277.86
03_CDA,2029,1111.8284586048271,1372549235594.88
03_CDA,2030,1116.8130019362973,1397871237333.1
03_CDA,2031,1123.482895739978,1424089665288.87
03_CDA,2032,1130.112479955069,1451071062115.34
03_CDA,2033,1137.710590349475,1478818416596.73
03_CDA,2034,1142.0346576156578,1507319922893.18
03_CDA,2035,1145.629614647202,1536563051665.01
03_CDA,2036,1150.973640387718,1566541600692.69
03_CDA,2037,1156.2819454031342,1597257116978.36
03_CDA,2038,1159.850982301408,1628711150193.19
03_CDA,2039,1165.09717761941,1660905957081.75
03_CDA,2040,1170.3040357367743,1693846623212.44
03_CDA,2041,1175.5737668663114,1727538947225.87
03_CDA,2042,1180.8157337613989,1761985909139.48
03_CDA,2043,1187.6839687943611,1797169278876.63
03_CDA,2044,1192.8547171404434,1833058063525.33
03_CDA,2045,1199.6267398028033,1869626176053.62
03_CDA,2046,1204.7033028043102,1906869434233.22
03_CDA,2047,1211.3496236868618,1944797105706.06
03_CDA,2048,1217.927316685445,1983417763388.91
03_CDA,2049,1225.3460726883277,2022742118640.26
03_CDA,2050,1233.3730599192672,2062797207678.18
03_CDA,2051,1240.6323216243027,
03_CDA,2052,1247.8342659267516,
03_CDA,2053,1256.548814827443,
03_CDA,2054,1263.6072124406128,
03_CDA,2055,1272.1486045963597,
03_CDA,2056,1280.5938912073552,
03_CDA,2057,1287.3926783605534,
03_CDA,2058,1295.643443423687,
03_CDA,2059,1305.3192362756681,
03_CDA,2060,1313.3401649681905,
03_CDA,2061,1321.2457309872275,
03_CDA,2062,1330.5514163748596,
03_CDA,2063,1339.7365090942985,
03_CDA,2064,1348.8109578759736,
03_CDA,2065,1357.7838286376057,
03_CDA,2066,1366.6585429104748,
03_CDA,2067,1375.4383668294454,
03_CDA,2068,1385.6029460792736,
03_CDA,2069,1394.2151165949301,
03_CDA,2070,1404.2182601091315,
04_CHL,2017,65.46739697431262,253898372106.826
04_CHL,2018,66.64643613515693,264743111326.489
04_CHL,2019,66.25333626408845,270566838130.718
04_CHL,2020,62.56968729820464,259580230555.917
04_CHL,2021,64.22635005585448,274595654828.297
04_CHL,2022,65.18050186219439,282836633545.838
04_CHL,2023,66.10065776459251,291054305757.863
04_CHL,2024,67.00170057432089,299329606073.511
04_CHL,2025,67.78499524243907,307735967001.5
04_CHL,2026,68.54100846212224,316263737848.913
04_CHL,2027,69.16610422860484,324932315901.121
04_CHL,2028,69.84850160227136,333739574637.637
04_CHL,2029,70.4784813019693,342685478615.004
04_CHL,2030,71.04857631318572,351771087462.354
04_CHL,2031,71.55800617505983,360999302649.449
04_CHL,2032,72.11300207270867,370346837097.818
04_CHL,2033,72.5393466532514,379820413095.41
04_CHL,2034,72.95579750521404,389426000364.919
04_CHL,2035,73.47060637443458,399168730674.839
04_CHL,2036,73.99639462684328,409053481353.146
04_CHL,2037,74.44408415754424,419086621590.019
04_CHL,2038,74.98997622823522,429273268615.622
04_CHL,2039,75.53600975349526,439615964846.378
04_CHL,2040,76.07541703857454,450113796919.666
04_CHL,2041,76.7110617935401,460765406838.981
04_CHL,2042,77.3553273826026,471610171014.666
04_CHL,2043,78.08650133796642,482651439921.418
04_CHL,2044,78.73234903744304,493893301348.959
04_CHL,2045,79.46288038402794,505340946721.404
04_CHL,2046,80.1934738504812,517000414704.049
04_CHL,2047,80.92342579250497,528833074981.008
04_CHL,2048,81.65245178843567,540838570339.24
04_CHL,2049,82.46191870952093,553013740516.717
04_CHL,2050,83.18274824914384,565355277937.688
04_CHL,2051,83.87947192478266,
04_CHL,2052,84.6525078408007,
04_CHL,2053,85.41938552990857,
04_CHL,2054,86.25941401151813,
04_CHL,2055,87.09113907269413,
04_CHL,2056,87.91416458776999,
04_CHL,2057,88.72824168154501,
04_CHL,2058,89.53300650144627,
04_CHL,2059,90.40597898023233,
04_CHL,2060,91.26815596113707,
04_CHL,2061,91.81066537890284,
04_CHL,2062,92.88269662948068,
04_CHL,2063,93.94182740263291,
04_CHL,2064,94.98878566266949,
04_CHL,2065,96.024205401984,
04_CHL,2066,97.04827933203693,
04_CHL,2067,98.06109244853785,
04_CHL,2068,99.06330004338785,
04_CHL,2069,100.0555181168864,
04_CHL,2070,101.03833875973656,
05_PRC,2017,2510.2253226966136,10180002893292.3
05_PRC,2018,2583.4220080004275,10903765119926.3
05_PRC,2019,2762.474287313617,11568894792241.8
05_PRC,2020,2811.5966612332127,11785257289210.0
05_PRC,2021,3000.8520579205533,12954730742839.5
05_PRC,2022,3134.4480914176274,13646225486181.5
05_PRC,2023,3275.7995684543926,14338761489014.8
05_PRC,2024,3421.6227967354503,15036074528300.0
05_PRC,2025,3568.295650800302,15739745084764.5
05_PRC,2026,3632.2670136586967,16447701025264.3
05_PRC,2027,3691.043008435725,17158706650307.6
05_PRC,2028,3748.0090235139264,17871981196882.9
05_PRC,2029,3799.8195150230927,18586874765945.8
05_PRC,2030,3849.67690595464,19302688868316.8
05_PRC,2031,3894.7175794374284,20018579796854.6
05_PRC,2032,3936.171533806893,20732306791521.9
05_PRC,2033,3972.3445080694923,21442209033796.8
05_PRC,2034,4006.418316257845,22146226593521.9
05_PRC,2035,4035.2299573763794,22842409869841.2
05_PRC,2036,4060.1796457275113,23529362001909.3
05_PRC,2037,4080.3115508768224,24207894230567.3
05_PRC,2038,4097.203623870851,24877944080095.8
05_PRC,2039,4111.025378286593,25539841161326.0
05_PRC,2040,4121.93183923471,26194258340786.7
05_PRC,2041,4129.319378519449,26842200304322.7
05_PRC,2042,4134.454212244982,27483465410482.5
05_PRC,2043,4137.37060473993,28119625971296.4
05_PRC,2044,4138.330560790057,28752442657658.5
05_PRC,2045,4137.6029909396575,29383893253508.5
05_PRC,2046,4134.197245235496,30016243353962.8
05_PRC,2047,4131.137876518026,30654220787240.6
05_PRC,2048,4126.233741164564,31300759637812.5
05_PRC,2049,4122.205327731966,31958596575127.5
05_PRC,2050,4118.01678425186,32630040956103.5
05_PRC,2051,4118.159212607298,
05_PRC,2052,4119.437842089877,
05_PRC,2053,4120.664996310253,
05_PRC,2054,4121.849358847761,
05_PRC,2055,4124.123761148529,
05_PRC,2056,4125.231567747137,
05_PRC,2057,4126.317599836661,
05_PRC,2058,4128.474251177448,
05_PRC,2059,4130.599676875558,
05_PRC,2060,4132.701949839304,
05_PRC,2061,4134.786786971581,
05_PRC,2062,4136.859121986037,
05_PRC,2063,4138.924833896824,
05_PRC,2064,4140.98952662611,
05_PRC,2065,4144.052395721169,
05_PRC,2066,4146.116274695441,
05_PRC,2067,4149.16086673697,
05_PRC,2068,4152.19372025707,
05_PRC,2069,4155.2161044166605,
05_PRC,2070,4158.229381472843,
06_HKC,2017,120.71799909372685,392146589870.642
06_HKC,2018,122.86374991459388,403921735606.895
06_HKC,2019,123.72758254685519,399074674779.612
06_HKC,2020,123.12168053712958,379420946204.182
06_HKC,2021,124.19766679519374,393701469890.263
06_HKC,2022,125.1940775438088,402869620293.009
06_HKC,2023,126.08181844461957,412013051559.284
06_HKC,2024,126.93731014973523,421131812793.179
06_HKC,2025,127.90571241874555,431190585049.694
06_HKC,2026,128.81767469066014,440258888132.319
06_HKC,2027,129.79309316053732,450264773653.899
06_HKC,2028,130.74513730464213,460243663158.932
06_HKC,2029,131.60617309214442,470195610227.609
06_HKC,2030,132.36537869788168,481078993030.786
06_HKC,2031,132.90563603952126,490975959096.044
06_HKC,2032,133.345223138471,501801957846.121
06_HKC,2033,133.67124679582867,512598722668.114
06_HKC,2034,133.92492411724245,523366311706.613
06_HKC,2035,134.17430988340786,535056841324.614
06_HKC,2036,134.34254101921243,545765004208.393
06_HKC,2037,134.50767988933688,557393729835.069
06_HKC,2038,134.66941064780937,568991022347.734
06_HKC,2039,134.7512786743611,580556944150.173
06_HKC,2040,134.78911413301321,592091557669.452
06_HKC,2041,134.83286748754745,604539518086.499
06_HKC,2042,134.80695458898484,616010462940.842
06_HKC,2043,134.78613120876528,628392404893.549
06_HKC,2044,134.77360352614826,640740817878.232
06_HKC,2045,134.66551044201267,652116119751.783
06_HKC,2046,134.6394884381767,666275739431.819
06_HKC,2047,134.5925278542087,679459920096.941
06_HKC,2048,134.52950629347401,693544338837.307
06_HKC,2049,134.4556856291904,707590654817.042
06_HKC,2050,134.4101888083728,721598943841.758
06_HKC,2051,134.41379778486893,
06_HKC,2052,134.41568819274542,
06_HKC,2053,134.41761535120926,
06_HKC,2054,134.45364700953792,
06_HKC,2055,134.49063046514934,
06_HKC,2056,134.5629941641981,
06_HKC,2057,134.63740603930208,
06_HKC,2058,134.7458921101225,
06_HKC,2059,134.69110030109883,
06_HKC,2060,135.09121233924742,
06_HKC,2061,135.1634259213582,
06_HKC,2062,135.23332125041387,
06_HKC,2063,135.29927494665105,
06_HKC,2064,135.67763905886702,
06_HKC,2065,135.72685838291923,
06_HKC,2066,135.76710013682847,
06_HKC,2067,136.11251737687772,
06_HKC,2068,136.44341347019207,
06_HKC,2069,136.44617860661944,
06_HKC,2070,136.74343906769377,
07_INA,2017,216.7533200326212,1261808893984.5
07_INA,2018,225.18653605301543,1321113323097.07
07_INA,2019,230.61318397238063,1387168989251.92
07_INA,2020,223.88618144172824,1395721501260.73
07_INA,2021,233.47717920956472,1511921926985.72
07_INA,2022,242.5327390074441,1583493341365.25
07_INA,2023,251.63537946490376,1656671648750.47
07_INA,2024,261.4512901598066,1731901852326.36
07_INA,2025,272.07883657137904,1809507076945.01
07_INA,2026,280.0749819937417,1889556029520.25
07_INA,2027,288.4540242009966,1972036629324.33
07_INA,2028,297.1687835835134,2057026105184.41
07_INA,2029,306.18926342037895,2144574357504.11
07_INA,2030,315.26580977474674,2234641906619.69
07_INA,2031,325.05197296029405,2327220266803.06
07_INA,2032,335.15272403201794,2422515634356.21
07_INA,2033,345.54179213458946,2520570534345.2
07_INA,2034,356.20069932328306,2621437233884.85
07_INA,2035,367.1167481860615,2725172138208.15
07_INA,2036,378.2528225727802,2831767825164.67
07_INA,2037,389.6061162919531,2941172309773.38
07_INA,2038,401.1685291925947,3053485800327.67
07_INA,2039,412.92062438747377,3168664187316.48
07_INA,2040,424.8419159149396,3286648244622.06
07_INA,2041,436.85098238613887,3407417901848.78
07_INA,2042,448.97549542833656,3530941125445.54
07_INA,2043,461.2024698549418,3657191862179.86
07_INA,2044,473.5132081686849,3786066934363.21
07_INA,2045,485.8525997906175,3917215160383.64
07_INA,2046,498.1637589352244,4050284145861.83
07_INA,2047,510.4150467994297,4185131291272.95
07_INA,2048,522.5864152335121,4321712755090.65
07_INA,2049,534.6590592420005,4459993769346.4
07_INA,2050,546.6118184868687,4599928319493.95
07_INA,2051,557.3790447226237,
07_INA,2052,568.3960679360497,
07_INA,2053,579.6661962135183,
07_INA,2054,591.192390020939,
07_INA,2055,602.9777500502727,
07_INA,2056,615.0261226402337,
07_INA,2057,627.3412837475354,
07_INA,2058,639.9260838396375,
07_INA,2059,652.7829271208376,
07_INA,2060,665.9144844299263,
07_INA,2061,679.32390425066,
07_INA,2062,693.0148193282254,
07_INA,2063,706.9906614834005,
07_INA,2064,721.2549835668756,
07_INA,2065,735.8112809454747,
07_INA,2066,750.6632378283074,
07_INA,2067,765.8141374293605,
07_INA,2068,781.2665778691455,
07_INA,2069,797.0226632687304,
07_INA,2070,813.0850433944223,
08_JPN,2017,2155.30663644177,3575304717672.09
08_JPN,2018,2048.453359486335,3603494417791.69
08_JPN,2019,2026.7874985323124,3628718878716.23
08_JPN,2020,2076.4261227702577,3441437426151.16
08_JPN,2021,2028.1600837456633,3546135432155.95
08_JPN,2022,1989.4972104633052,3568899465281.46
08_JPN,2023,1965.0887395678576,3595775731849.56
08_JPN,2024,1941.1935070716859,3627890253865.62
08_JPN,2025,1924.5090446225843,3664874714177.49
08_JPN,2026,1901.4840526197315,3706035594722.07
08_JPN,2027,1878.9060137788188,3750352092794.97
08_JPN,2028,1854.5539496506044,3797196802000.9
08_JPN,2029,1830.609448975697,3846005856003.26
08_JPN,2030,1807.0217683430196,3896298223888.67
08_JPN,2031,1783.8878722537418,3947652448337.54
08_JPN,2032,1758.9583075462945,4000019369420.45
08_JPN,2033,1736.6003816429445,4053051229761.53
08_JPN,2034,1712.4881926816497,4106526977130.84
08_JPN,2035,1690.8774725386309,4160373151978.93
08_JPN,2036,1667.2986121563904,4214630747243.51
08_JPN,2037,1644.1403055558242,4268922925834.77
08_JPN,2038,1621.379586443577,4323272494246.83
08_JPN,2039,1601.0879704943623,4377721533347.88
08_JPN,2040,1579.011573184961,4432344981597.74
08_JPN,2041,1557.6432335921756,4487220040293.31
08_JPN,2042,1536.8307722262234,4542327016991.46
08_JPN,2043,1516.3546020334359,4597541277412.1
08_JPN,2044,1498.2593690801573,4652702998126.99
08_JPN,2045,1478.3857904688227,4707744231278.28
08_JPN,2046,1458.753670976104,4762791277664.47
08_JPN,2047,1439.3451286797936,4817632521740.14
08_JPN,2048,1422.1947985719607,4872676027823.8
08_JPN,2049,1403.1850898821606,4928503663630.53
08_JPN,2050,1384.2914113209401,4985784854788.82
08_JPN,2051,1366.5872635016237,
08_JPN,2052,1346.9516985767773,
08_JPN,2053,1329.4575587696977,
08_JPN,2054,1310.023015987485,
08_JPN,2055,1292.714296125347,
08_JPN,2056,1273.4571907845734,
08_JPN,2057,1256.312032000421,
08_JPN,2058,1237.211394178862,
08_JPN,2059,1218.1825091900903,
08_JPN,2060,1199.2209119042761,
08_JPN,2061,1180.3223944126296,
08_JPN,2062,1159.458562301103,
08_JPN,2063,1140.6755468790623,
08_JPN,2064,1121.9443278014578,
08_JPN,2065,1101.240008830319,
08_JPN,2066,1082.6034674398486,
08_JPN,2067,1061.9893263340225,
08_JPN,2068,1041.416248022214,
08_JPN,2069,1020.881483453655,
08_JPN,2070,1000.382444814732,
09_ROK,2017,918.5857406822237,1049018483563.66
09_ROK,2018,925.4048318718311,1091664718417.47
09_ROK,2019,925.4457127185644,1113498012785.82
09_ROK,2020,923.6408032010924,1098396766652.16
09_ROK,2021,931.0690531105537,1133946694569.62
09_ROK,2022,937.8335719596377,1167444576752.72
09_ROK,2023,942.0549462895051,1199156652015.48
09_ROK,2024,946.030265119517,1229703276603.4
09_ROK,2025,949.3997875689903,1259643059806.24
09_ROK,2026,952.4700880297098,1289113950162.23
09_ROK,2027,955.2903831334576,1318035179855.21
09_ROK,2028,956.6731361898699,1346396334741.2
09_ROK,2029,958.99330528334,1374163122688.53
09_ROK,2030,959.8785397548339,1401305196601.53
09_ROK,2031,963.6031666385835,1427818407969.9
09_ROK,2032,962.8837255082185,1453730958855.4
09_ROK,2033,965.0080799962993,1479085690644.2
09_ROK,2034,967.9971298237737,1503923598408.59
09_ROK,2035,969.43863200306,1528274881413.01
09_ROK,2036,970.4328524168413,1552172186727.58
09_ROK,2037,971.0507198288526,1575469793298.82
09_ROK,2038,970.1436417811874,1598164063185.06
09_ROK,2039,970.0718358945015,1620228337552.14
09_ROK,2040,969.6600587160275,1641649735937.25
09_ROK,2041,968.0546216861713,1662446280998.99
09_ROK,2042,967.4158617557093,1682646319328.23
09_ROK,2043,965.3466885939972,1702313428915.64
09_ROK,2044,962.9949578216981,1721551337506.21
09_ROK,2045,960.3730116276051,1740493224059.18
09_ROK,2046,957.4774152679271,1759276612849.48
09_ROK,2047,955.3995284290812,1778194394907.62
09_ROK,2048,951.8911703642996,1797335139960.97
09_ROK,2049,948.100780208915,1816772933091.98
09_ROK,2050,945.0516049140676,1836574177590.26
09_ROK,2051,941.1368457712979,
09_ROK,2052,938.0854529253327,
09_ROK,2053,933.640458000134,
09_ROK,2054,930.1176561464627,
09_ROK,2055,926.4080878957275,
09_ROK,2056,921.3886065711871,
09_ROK,2057,917.3676011112165,
09_ROK,2058,913.2529864047183,
09_ROK,2059,909.1023493653116,
09_ROK,2060,904.9632923592087,
09_ROK,2061,900.864013267238,
09_ROK,2062,896.819069637763,
09_ROK,2063,892.8471115345467,
09_ROK,2064,890.1044306032179,
09_ROK,2065,886.318929915037,
09_ROK,2066,882.6490988322375,
09_ROK,2067,880.2484885522089,
09_ROK,2068,876.832945996414,
09_ROK,2069,874.6794030819349,
09_ROK,2070,872.6425087887219,
10_MAS,2017,187.3963501878105,429802158143.86
10_MAS,2018,186.8453537682965,459780366207.645
10_MAS,2019,204.29310065480448,479550921954.574
10_MAS,2020,221.74244394232778,473801760725.54
10_MAS,2021,237.55678451691008,519076766280.064
10_MAS,2022,249.26208904933574,544647229618.705
10_MAS,2023,261.50713341541467,572053959091.9
10_MAS,2024,273.7989902509811,599725973840.933
10_MAS,2025,283.65939090032623,629270548609.261
10_MAS,2026,293.2042155460215,659907507700.798
10_MAS,2027,302.9382720721205,691651334047.09
10_MAS,2028,312.8525439793379,724516650872.401
10_MAS,2029,322.941306129941,758518222724.835
10_MAS,2030,333.462664380576,794494266745.436
10_MAS,2031,345.304790535295,835782455331.002
10_MAS,2032,355.6088734740767,873312341597.729
10_MAS,2033,365.759848767288,911203163235.945
10_MAS,2034,375.7480020710059,949457624522.164
10_MAS,2035,388.3176257337009,996523563530.344
10_MAS,2036,400.6727519553577,1044044713376.84
10_MAS,2037,410.10498411679123,1083493051146.81
10_MAS,2038,422.08854632079385,1131891406538.11
10_MAS,2039,433.8826317843998,1180755074888.4
10_MAS,2040,445.4883934679131,1230087542308.4
10_MAS,2041,459.6777867641451,1288599069441.74
10_MAS,2042,471.03259127460984,1338924076010.65
10_MAS,2043,482.2549114106415,1389728709069.39
10_MAS,2044,496.00386428647545,1449857142912.58
10_MAS,2045,506.96402389272555,1501676869193.6
10_MAS,2046,520.4016508447083,1562918232172.55
10_MAS,2047,533.6584554030146,1624744987633.16
10_MAS,2048,546.7353294855044,1687161512123.81
10_MAS,2049,559.6328728890378,1750172212652.89
10_MAS,2050,569.7684779617996,1804667044677.64
10_MAS,2051,578.614707665038,
10_MAS,2052,587.572860148601,
10_MAS,2053,596.639513344556,
10_MAS,2054,605.8091968728186,
10_MAS,2055,615.0770428573885,
10_MAS,2056,624.4410574421668,
10_MAS,2057,633.8997537789909,
10_MAS,2058,643.4487434719672,
10_MAS,2059,653.0824143875594,
10_MAS,2060,662.7957161538106,
10_MAS,2061,672.5866391667993,
10_MAS,2062,682.4529272002586,
10_MAS,2063,692.3909788086282,
10_MAS,2064,702.3972413581713,
10_MAS,2065,712.468622272834,
10_MAS,2066,722.6038169004622,
10_MAS,2067,732.8033472096645,
10_MAS,2068,743.0690272313676,
10_MAS,2069,753.4041581419193,
10_MAS,2070,763.8125838590436,
11_MEX,2017,135.07026155921076,1489036369714.22
11_MEX,2018,138.22880781054295,1517205833417.03
11_MEX,2019,139.48324646948092,1515688627583.62
11_MEX,2020,135.14163470499562,1419207272138.91
11_MEX,2021,137.393405051624,1465453397752.71
11_MEX,2022,137.4954018551958,1507579299027.85
11_MEX,2023,137.64512357426798,1552372352558.05
11_MEX,2024,137.897802808717,1598960703335.81
11_MEX,2025,138.28000993269842,1647230594268.89
11_MEX,2026,138.32895946090906,1697087978475.33
11_MEX,2027,138.51437981713232,1748576333468.8
11_MEX,2028,138.83354436675646,1801680270535.5
11_MEX,2029,139.28533505421314,1856394405878.34
11_MEX,2030,139.86763495057886,1912717725713.8
11_MEX,2031,140.52464157805045,1970656209185.27
11_MEX,2032,141.30355082003405,2030113525816.76
11_MEX,2033,142.20573092945955,2091089082634.55
11_MEX,2034,143.2283412380309,2153577701144.08
11_MEX,2035,144.36980942039307,2217570206042.99
11_MEX,2036,145.62700105120544,2283048177978.62
11_MEX,2037,147.0009353057395,2349985790964.85
11_MEX,2038,148.48762045768802,2418334699124.73
11_MEX,2039,150.0822247087871,2488033575869.91
11_MEX,2040,151.7770567877718,2559005988128.64
11_MEX,2041,153.5913417571672,2631170737825.64
11_MEX,2042,155.50427840572115,2704427953400.01
11_MEX,2043,157.50420788685582,2778664152528.55
11_MEX,2044,159.58105808410923,2853769980506.25
11_MEX,2045,161.72524559228836,2929660878306.69
11_MEX,2046,163.92340351426992,3006292065780.72
11_MEX,2047,166.16793320175287,3083649019866.01
11_MEX,2048,168.45299390635773,3161747191175.32
11_MEX,2049,171.064783359891,3240620293004.28
11_MEX,2050,173.12920535088801,3320312452041.96
11_MEX,2051,0.0,
11_MEX,2052,0.0,
11_MEX,2053,0.0,
11_MEX,2054,0.0,
11_MEX,2055,0.0,
11_MEX,2056,0.0,
11_MEX,2057,0.0,
11_MEX,2058,0.0,
11_MEX,2059,0.0,
11_MEX,2060,0.0,
11_MEX,2061,0.0,
11_MEX,2062,0.0,
11_MEX,2063,0.0,
11_MEX,2064,0.0,
11_MEX,2065,0.0,
11_MEX,2066,0.0,
11_MEX,2067,0.0,
11_MEX,2068,0.0,
11_MEX,2069,0.0,
11_MEX,2070,0.0,
12_NZ,2017,49.31706675297007,128605281929.537
12_NZ,2018,48.35070351621007,132172240752.974
12_NZ,2019,48.9001686819351,135080030049.539
12_NZ,2020,49.45890466385175,125502399486.894
12_NZ,2021,50.36240216610912,133064097811.252
12_NZ,2022,50.28799550400172,137040523378.585
12_NZ,2023,50.21275274649804,140856196864.543
12_NZ,2024,50.18540847933882,144616065570.975
12_NZ,2025,50.16574792495178,148419296218.674
12_NZ,2026,49.99948115827753,152284240832.656
12_NZ,2027,49.89316951607367,156222401314.857
12_NZ,2028,49.790881456103236,160240751263.64
12_NZ,2029,49.69270457671736,164344791385.628
12_NZ,2030,49.58255154796274,168539617151.18
12_NZ,2031,49.500525311318626,172830347424.099
12_NZ,2032,49.422197739367455,177220470055.345
12_NZ,2033,49.34849155807054,181713704586.095
12_NZ,2034,49.280893804908544,186315301616.905
12_NZ,2035,49.22109674010312,191033134579.549
12_NZ,2036,49.16994867935125,195877570523.718
12_NZ,2037,49.123596141840224,200836013884.74
12_NZ,2038,49.082141634333475,205917904649.438
12_NZ,2039,49.04573854071255,211134322205.481
12_NZ,2040,49.01455607522103,216496469925.969
12_NZ,2041,48.9993497619818,222013494643.711
12_NZ,2042,48.99525086972997,227713073788.627
12_NZ,2043,49.00131378961921,233594228485.766
12_NZ,2044,49.01499004023254,239653930847.457
12_NZ,2045,49.034193667991865,245890671192.198
12_NZ,2046,49.0563799395234,252305198475.742
12_NZ,2047,49.074246396323026,258867510982.267
12_NZ,2048,49.08587858416819,265574734067.063
12_NZ,2049,49.08956559308126,272425959892.851
12_NZ,2050,49.0843335876094,279423287855.441
12_NZ,2051,49.084728938669095,
12_NZ,2052,49.08277265969469,
12_NZ,2053,49.07761753833033,
12_NZ,2054,49.068524928324784,
12_NZ,2055,49.05462796355371,
12_NZ,2056,49.0354547513383,
12_NZ,2057,49.010364984254196,
12_NZ,2058,48.97888121009196,
12_NZ,2059,48.940429679445835,
12_NZ,2060,48.89450730268871,
12_NZ,2061,48.840573799362325,
12_NZ,2062,48.77822565157054,
12_NZ,2063,48.7071092016134,
12_NZ,2064,48.626888327618985,
12_NZ,2065,48.537254441580366,
12_NZ,2066,48.43766697405959,
12_NZ,2067,48.32753849268309,
12_NZ,2068,48.20636807341681,
12_NZ,2069,48.07364238323831,
12_NZ,2070,47.928713925718505,
13_PNG,2017,12.584086300502486,15245027593.312
13_PNG,2018,12.602526171037024,15119900334.1932
13_PNG,2019,12.665720803242095,15875895350.9028
13_PNG,2020,12.672626818229459,15710966145.6672
13_PNG,2021,12.706781360655375,16160237468.8768
13_PNG,2022,12.776421584754145,17080281408.1476
13_PNG,2023,12.858905894040838,18115353530.0971
13_PNG,2024,12.954021694598763,19265317935.7197
13_PNG,2025,13.076493622869135,20414376642.5028
13_PNG,2026,13.199150368477776,21678146969.7938
13_PNG,2027,13.333629055337093,22998707577.7642
13_PNG,2028,13.481318700725591,24375991002.7518
13_PNG,2029,13.643645840947478,25809929829.6312
13_PNG,2030,13.828322035450602,27358174357.5585
13_PNG,2031,13.851920553006241,28962894299.0592
13_PNG,2032,13.878776350264351,30624022411.2674
13_PNG,2033,13.911753466245813,32341491524.9391
13_PNG,2034,13.958810554612318,34172861594.644
13_PNG,2035,14.016650964470942,36060393218.0029
13_PNG,2036,14.089408946069856,38061601261.3411
13_PNG,2037,14.176235853054743,40118791701.1009
13_PNG,2038,14.285167111937739,42289434353.1167
13_PNG,2039,14.41239947307685,44515880561.6601
13_PNG,2040,14.564760247493345,46855555089.3931
13_PNG,2041,14.734471707561237,49250854645.0502
13_PNG,2042,14.930205452857917,51759158970.7486
13_PNG,2043,15.15248071946016,54380333881.3479
13_PNG,2044,15.39699043567703,57056844007.4439
13_PNG,2045,15.654845397082754,59673865545.975
13_PNG,2046,15.945420952264305,62518248263.0903
13_PNG,2047,16.301599493973875,65933725236.0302
13_PNG,2048,16.628201096313322,68773399196.2686
13_PNG,2049,17.02328172657634,72183720063.2094
13_PNG,2050,17.390844548886648,75018690906.0321
13_PNG,2051,17.528923986500146,
13_PNG,2052,17.6742067578335,
13_PNG,2053,17.826888527233038,
13_PNG,2054,17.98717564178912,
13_PNG,2055,18.15528767428501,
13_PNG,2056,18.331469253013335,
13_PNG,2057,18.515991323554026,
13_PNG,2058,18.7091449537754,
13_PNG,2059,18.911244049419683,
13_PNG,2060,19.122606905131047,
13_PNG,2061,19.343562138061564,
13_PNG,2062,19.574438892341533,
13_PNG,2063,19.815586163569353,
13_PNG,2064,20.06735428365218,
13_PNG,2065,20.33012382937872,
13_PNG,2066,20.604289046132674,
13_PNG,2067,20.89026242174968,
13_PNG,2068,21.18850744560478,
13_PNG,2069,21.49951164330418,
13_PNG,2070,21.82377148973836,
14_PE,2017,53.48447737783358,212078050192.158
14_PE,2018,57.17747234734394,219422223633.403
14_PE,2019,56.98867953859386,224249512553.338
14_PE,2020,52.295127487094,214328522543.998
14_PE,2021,53.925035706777656,226081836268.91
14_PE,2022,55.074373638458084,235036238789.831
14_PE,2023,56.322535906875785,244631995934.845
14_PE,2024,57.354376580291095,254242860266.941
14_PE,2025,57.97615166206798,263868849711.675
14_PE,2026,58.52550312233953,273509982208.591
14_PE,2027,59.06743664111132,283166275763.643
14_PE,2028,59.7484218775071,293467506948.184
14_PE,2029,60.364612070045574,303784936529.767
14_PE,2030,61.13635761287144,314749343810.926
14_PE,2031,61.77420988976334,325099729111.534
14_PE,2032,62.56489365991633,336098134348.923
14_PE,2033,63.30104247146241,347113819772.494
14_PE,2034,64.19340915998005,358779574129.824
14_PE,2035,65.10581161090506,370463655771.791
14_PE,2036,65.970547173441,382166086484.867
14_PE,2037,66.92978252558594,393886888008.336
14_PE,2038,67.984842684344,406260864773.928
14_PE,2039,68.93087348167921,418018977957.691
14_PE,2040,70.04282988412388,430431320116.956
14_PE,2041,71.26489323132338,443499429283.021
14_PE,2042,72.5299120180352,456588042590.826
14_PE,2043,73.90196327438247,470334493930.314
14_PE,2044,75.24561958777439,483464695157.522
14_PE,2045,76.70155714647487,497253797239.582
14_PE,2046,78.20311321916445,511064516213.608
14_PE,2047,79.8233544237567,525536216221.008
14_PE,2048,81.49526918457782,540030600851.165
14_PE,2049,83.22169608831615,554547697046.248
14_PE,2050,85.07667645589093,569728396116.777
14_PE,2051,0.0,
14_PE,2052,0.0,
14_PE,2053,0.0,
14_PE,2054,0.0,
14_PE,2055,0.0,
14_PE,2056,0.0,
14_PE,2057,0.0,
14_PE,2058,0.0,
14_PE,2059,0.0,
14_PE,2060,0.0,
14_PE,2061,0.0,
14_PE,2062,0.0,
14_PE,2063,0.0,
14_PE,2064,0.0,
14_PE,2065,0.0,
14_PE,2066,0.0,
14_PE,2067,0.0,
14_PE,2068,0.0,
14_PE,2069,0.0,
14_PE,2070,0.0,
15_RP,2017,0.0,488479628493.629
15_RP,2018,0.0,519549497131.333
15_RP,2019,0.0,550202917462.082
15_RP,2020,0.0,556014606241.428
15_RP,2021,0.0,600985235245.865
15_RP,2022,0.0,640183272030.85
15_RP,2023,0.0,680688666782.293
15_RP,2024,0.0,723485366586.47
15_RP,2025,0.0,767629194725.508
15_RP,2026,0.0,813135903515.723
15_RP,2027,0.0,861003140210.519
15_RP,2028,0.0,911260287211.473
15_RP,2029,0.0,962946299548.562
15_RP,2030,0.0,1015082419640.25
15_RP,2031,0.0,1069671052428.73
15_RP,2032,0.0,1134776254789.12
15_RP,2033,0.0,1190362218919.86
15_RP,2034,0.0,1256562639433.3
15_RP,2035,0.0,1313159557387.35
15_RP,2036,0.0,1380469729238.65
15_RP,2037,0.0,1448363470604.92
15_RP,2038,0.0,1516844690792.06
15_RP,2039,0.0,1596282794891.68
15_RP,2040,0.0,1665997806902.16
15_RP,2041,0.0,1746772092072.13
15_RP,2042,0.0,1828244824306.53
15_RP,2043,0.0,1910420677349.1
15_RP,2044,0.0,1993304353275.61
15_RP,2045,0.0,2076900582714.94
15_RP,2046,0.0,2161214123794.36
15_RP,2047,0.0,2256997370646.33
15_RP,2048,0.0,2353605026405.79
15_RP,2049,0.0,2440197277026.41
15_RP,2050,0.0,2538421116574.02
15_RP,2051,0.0,
15_RP,2052,0.0,
15_RP,2053,0.0,
15_RP,2054,0.0,
15_RP,2055,0.0,
15_RP,2056,0.0,
15_RP,2057,0.0,
15_RP,2058,0.0,
15_RP,2059,0.0,
15_RP,2060,0.0,
15_RP,2061,0.0,
15_RP,2062,0.0,
15_RP,2063,0.0,
15_RP,2064,0.0,
15_RP,2065,0.0,
15_RP,2066,0.0,
15_RP,2067,0.0,
15_RP,2068,0.0,
15_RP,2069,0.0,
15_RP,2070,0.0,
16_RUS,2017,1637.901553827753,2154658786475.38
16_RUS,2018,1851.7219278024966,2119431054349.81
16_RUS,2019,1580.3883936081475,2146983658056.36
16_RUS,2020,1560.2486053696205,2025011943211.58
16_RUS,2021,1564.4613450990123,2091871390639.28
16_RUS,2022,1571.598098505687,2125997601367.28
16_RUS,2023,1575.438754658537,2150469998112.87
16_RUS,2024,1579.4908340356171,2184337926672.88
16_RUS,2025,1583.430490648686,2208589245586.66
16_RUS,2026,1586.7118660499161,2242200369235.34
16_RUS,2027,1589.3663235336082,2266231944887.77
16_RUS,2028,1591.398678301799,2290163193197.06
16_RUS,2029,1595.4375322778865,2323400892862.72
16_RUS,2030,1598.2287361357207,2347114351207.78
16_RUS,2031,1600.1430833836005,2370728403828.04
16_RUS,2032,1604.0974723871836,2403595857388.69
16_RUS,2033,1606.16820578078,2426994058483.47
16_RUS,2034,1608.9723093276273,2450293767046.07
16_RUS,2035,1612.4877472679602,2482794129090.3
16_RUS,2036,1615.33410042242,2505879909357.01
16_RUS,2037,1617.5814217877692,2528868103676.09
16_RUS,2038,1620.528110664674,2551759001219.99
16_RUS,2039,1623.5143825587663,2574552890868.83
16_RUS,2040,1625.8732522550033,2597250059738.23
16_RUS,2041,1628.901515825358,2619850795145.75
16_RUS,2042,1629.9738631022874,2633180538561.55
16_RUS,2043,1632.9675701082256,2655606845004.99
16_RUS,2044,1635.9342180549684,2677937541118.28
16_RUS,2045,1636.9337063817206,2691050704379.17
16_RUS,2046,1639.8362866951197,2713208509614.59
16_RUS,2047,1642.0548132788485,2735271520542.16
16_RUS,2048,1644.886573054667,2757240019201.88
16_RUS,2049,1647.7022458343815,2779114286868.4
16_RUS,2050,1651.1080012609339,2809929747384.13
16_RUS,2051,1656.2754933403849,
16_RUS,2052,1660.8862946972781,
16_RUS,2053,1666.22747875751,
16_RUS,2054,1671.6558058838955,
16_RUS,2055,1677.171502421015,
16_RUS,2056,1682.7747997738397,
16_RUS,2057,1688.4659344519985,
16_RUS,2058,1694.2451481136334,
16_RUS,2059,1700.7567866238016,
16_RUS,2060,1706.7131252545516,
16_RUS,2061,1713.4029021653835,
16_RUS,2062,1719.5375179902783,
16_RUS,2063,1726.4067284339678,
16_RUS,2064,1733.3663252382232,
16_RUS,2065,1740.4166771248665,
16_RUS,2066,1747.5581576357172,
16_RUS,2067,1755.4378655162222,
16_RUS,2068,1762.7632059319476,
16_RUS,2069,1770.8285291472353,
16_RUS,2070,1778.3394003175752,
17_SIN,2017,0.0,370294408956.442
17_SIN,2018,0.0,377413451075.558
17_SIN,2019,0.0,380055345233.087
17_SIN,2020,0.0,367676572035.444
17_SIN,2021,0.0,379660121446.353
17_SIN,2022,0.0,394243959383.736
17_SIN,2023,0.0,407922918385.831
17_SIN,2024,0.0,422646591277.137
17_SIN,2025,0.0,437441802295.702
17_SIN,2026,0.0,453292098291.115
17_SIN,2027,0.0,468233661897.565
17_SIN,2028,0.0,484235809369.43
17_SIN,2029,0.0,500315548962.457
17_SIN,2030,0.0,516473169916.238
17_SIN,2031,0.0,532708962340.026
17_SIN,2032,0.0,549023217432.073
17_SIN,2033,0.0,564415490736.13
17_SIN,2034,0.0,580885029593.09
17_SIN,2035,0.0,598439685070.966
17_SIN,2036,0.0,616079034700.068
17_SIN,2037,0.0,633803393468.315
17_SIN,2038,0.0,651613077728.907
17_SIN,2039,0.0,670524350496.322
17_SIN,2040,0.0,688508195567.626
17_SIN,2041,0.0,707599394319.093
17_SIN,2042,0.0,725758703516.091
17_SIN,2043,0.0,745031161592.914
17_SIN,2044,0.0,764396043748.86
17_SIN,2045,0.0,782822306597.825
17_SIN,2046,0.0,803404453713.194
17_SIN,2047,0.0,823048671478.763
17_SIN,2048,0.0,843825887158.056
17_SIN,2049,0.0,864702485814.57
17_SIN,2050,0.0,885678836044.721
17_SIN,2051,0.0,
17_SIN,2052,0.0,
17_SIN,2053,0.0,
17_SIN,2054,0.0,
17_SIN,2055,0.0,
17_SIN,2056,0.0,
17_SIN,2057,0.0,
17_SIN,2058,0.0,
17_SIN,2059,0.0,
17_SIN,2060,0.0,
17_SIN,2061,0.0,
17_SIN,2062,0.0,
17_SIN,2063,0.0,
17_SIN,2064,0.0,
17_SIN,2065,0.0,
17_SIN,2066,0.0,
17_SIN,2067,0.0,
17_SIN,2068,0.0,
17_SIN,2069,0.0,
17_SIN,2070,0.0,
18_CT,2017,229.91973994910836,746689643349.109
18_CT,2018,224.36397996046867,794570014951.233
18_CT,2019,223.81305133774228,816639147083.583
18_CT,2020,230.4457397066144,782633482919.028
18_CT,2021,224.75494822137532,808641024089.066
18_CT,2022,227.41804331364096,826572911102.196
18_CT,2023,229.7764320642297,843304103161.791
18_CT,2024,232.80102379780695,860383794954.073
18_CT,2025,235.5474772319081,877852446579.361
18_CT,2026,238.07325469272104,894218843282.454
18_CT,2027,241.46951945986683,910782367425.872
18_CT,2028,244.62974019296954,926090954860.492
18_CT,2029,247.4432953973698,940717913271.699
18_CT,2030,249.88074303445225,954143439815.411
18_CT,2031,251.85103823850213,967040565297.178
18_CT,2032,253.21785631832557,980785756060.872
18_CT,2033,254.09093793833387,992714448890.984
18_CT,2034,254.3064621676848,1003603270921.33
18_CT,2035,253.81626643992678,1013030176840.93
18_CT,2036,252.49655581498806,1022348481208.27
18_CT,2037,251.53429334618409,1032405950858.36
18_CT,2038,249.84538454095195,1040761958256.35
18_CT,2039,247.36848932227764,1048332877189.11
18_CT,2040,244.12311559906405,1055075282034.39
18_CT,2041,240.16789211445436,1060851391196.64
18_CT,2042,235.4847667491465,1066503800774.63
18_CT,2043,230.23579696147917,1071106225111.45
18_CT,2044,224.50486479726186,1075296213880.23
18_CT,2045,218.407907366432,1078910956293.77
18_CT,2046,211.95937225100565,1082706163090.45
18_CT,2047,205.25665410975114,1085966925409.24
18_CT,2048,198.3468674637223,1089128048156.6
18_CT,2049,191.3006916642141,1092252764383.08
18_CT,2050,184.2071842868768,1094757705922.27
18_CT,2051,177.10443049069562,
18_CT,2052,170.01016696450267,
18_CT,2053,162.96598083673868,
18_CT,2054,156.0096360509259,
18_CT,2055,149.1677448649029,
18_CT,2056,142.46157461642886,
18_CT,2057,135.90337244442136,
18_CT,2058,129.50014545996115,
18_CT,2059,123.25463699927546,
18_CT,2060,117.16761079840236,
18_CT,2061,111.24200623082612,
18_CT,2062,105.4791763614551,
18_CT,2063,99.86509308582409,
18_CT,2064,94.38474496762355,
18_CT,2065,89.02697343464668,
18_CT,2066,83.79185703648004,
18_CT,2067,78.68191338898575,
18_CT,2068,73.6915227211284,
18_CT,2069,68.81424153985455,
18_CT,2070,64.04821957069139,
19_THA,2017,229.38212856608143,678462641806.704
19_THA,2018,227.29447153528992,712867536775.636
19_THA,2019,233.01348077155635,729976357658.252
19_THA,2020,222.99474177033508,684991230960.519
19_THA,2021,223.96750499037077,730962284750.69
19_THA,2022,228.53270735771036,762576610728.321
19_THA,2023,231.75961676310678,795481305029.46
19_THA,2024,236.0612905063694,830651530591.285
19_THA,2025,239.1218052763259,868123309039.322
19_THA,2026,241.60697549908983,907933065477.926
19_THA,2027,243.86968586407957,949145147403.687
19_THA,2028,244.90662981012628,987867644872.186
19_THA,2029,249.0199014096269,1042744304778.59
19_THA,2030,251.87415090970165,1088326540031.1
19_THA,2031,253.58335591057758,1134399326007.19
19_THA,2032,257.1753953539513,1190974995351.55
19_THA,2033,259.58200708020604,1238098983885.95
19_THA,2034,262.79942196347986,1295850196659.04
19_THA,2035,265.8858387153637,1354225676627.55
19_THA,2036,268.7163145336698,1413230699401.86
19_THA,2037,271.3610292625764,1472870580911.97
19_THA,2038,273.8231331192584,1533150677250.82
19_THA,2039,277.94772353410923,1604495185323.2
19_THA,2040,280.02578112091646,1666131960754.1
19_THA,2041,282.8727942768459,1738964790706.44
19_THA,2042,286.38566491065126,1812581439706.7
19_THA,2043,289.69346996002315,1886988520669.49
19_THA,2044,292.16390216362583,1962192697778.84
19_THA,2045,295.0929230101256,2038200685176.01
19_THA,2046,297.82415665862595,2115019247840.78
19_THA,2047,301.1389443964035,2203563934611.9
19_THA,2048,304.28800493902054,2293058560954.84
19_THA,2049,306.41845745225555,2372476358709.35
19_THA,2050,309.09803690372996,2463831376494.86
19_THA,2051,0.0,
19_THA,2052,0.0,
19_THA,2053,0.0,
19_THA,2054,0.0,
19_THA,2055,0.0,
19_THA,2056,0.0,
19_THA,2057,0.0,
19_THA,2058,0.0,
19_THA,2059,0.0,
19_THA,2060,0.0,
19_THA,2061,0.0,
19_THA,2062,0.0,
19_THA,2063,0.0,
19_THA,2064,0.0,
19_THA,2065,0.0,
19_THA,2066,0.0,
19_THA,2067,0.0,
19_THA,2068,0.0,
19_THA,2069,0.0,
19_THA,2070,0.0,
20_USA,2017,8412.310673927625,15076732253402.1
20_USA,2018,9156.567850114952,15518076863327.4
20_USA,2019,8826.80422189306,15874992631183.9
20_USA,2020,8327.70967132344,14923874458024.9
20_USA,2021,8799.695915365035,15613502598333.1
20_USA,2022,8862.140556146658,15859928279704.1
20_USA,2023,8878.13769122904,16125110774594.7
20_USA,2024,8915.449873509184,16408391114636.3
20_USA,2025,8929.672564460572,16706211188300.7
20_USA,2026,8943.22944626044,17015962701489.2
20_USA,2027,8956.034784833355,17335800867002.7
20_USA,2028,8968.102047973396,17664364949942.9
20_USA,2029,8979.450350843857,18000605520297.0
20_USA,2030,8990.015950097897,18343895088921.5
20_USA,2031,9019.434999648014,18694131121980.5
20_USA,2032,9027.764098718186,19051747463157.1
20_USA,2033,9055.880943153765,19417499081472.3
20_USA,2034,9083.586775987455,19792194834755.2
20_USA,2035,9091.435501256665,20176613591591.3
20_USA,2036,9118.560625217167,20571512467651.0
20_USA,2037,9165.0126449138,20977694203568.5
20_USA,2038,9191.94170716539,21395787769662.6
20_USA,2039,9218.774013215383,21826196609585.5
20_USA,2040,9264.240199367476,22269190459099.1
20_USA,2041,9309.970019163871,22724997823442.4
20_USA,2042,9336.77841371677,23193916068675.3
20_USA,2043,9381.790691331753,23676031409694.1
20_USA,2044,9444.495329914129,24171166659005.3
20_USA,2045,9488.325160476408,24679015955639.1
20_USA,2046,9549.493383877369,25199382762507.2
20_USA,2047,9592.022682526065,25732206115236.8
20_USA,2048,9651.517979807286,26277296472217.1
20_USA,2049,9709.998685718978,26834326434906.5
20_USA,2050,9767.46723486783,27402966976882.0
20_USA,2051,0.0,
20_USA,2052,0.0,
20_USA,2053,0.0,
20_USA,2054,0.0,
20_USA,2055,0.0,
20_USA,2056,0.0,
20_USA,2057,0.0,
20_USA,2058,0.0,
20_USA,2059,0.0,
20_USA,2060,0.0,
20_USA,2061,0.0,
20_USA,2062,0.0,
20_USA,2063,0.0,
20_USA,2064,0.0,
20_USA,2065,0.0,
20_USA,2066,0.0,
20_USA,2067,0.0,
20_USA,2068,0.0,
20_USA,2069,0.0,
20_USA,2070,0.0,
21_VN,2017,85.4614264894154,279295942157.772
21_VN,2018,81.65618422246952,298025286420.807
21_VN,2019,91.8706664645856,318887056470.264
21_VN,2020,93.93983962800657,328451499197.267
21_VN,2021,101.22914028554834,352467387317.209
21_VN,2022,109.80826700961542,371169388580.594
21_VN,2023,116.80556205510777,389977410174.665
21_VN,2024,124.32302760471505,410508084572.807
21_VN,2025,132.10809056037297,431965561890.541
21_VN,2026,138.120348127434,454357432227.838
21_VN,2027,144.18880247268442,478506501500.746
21_VN,2028,150.65794609864093,503610025419.638
21_VN,2029,157.71283282480135,530495676410.195
21_VN,2030,164.85930788889996,558356087572.076
21_VN,2031,171.6984391563301,588023826862.334
21_VN,2032,179.99887368460654,618686878525.692
21_VN,2033,188.54780525546016,650353202741.563
21_VN,2034,197.96122451648858,684694704387.22
21_VN,2035,207.41537172292323,719230858850.391
21_VN,2036,217.56263732664962,755636121736.16
21_VN,2037,227.93817747691207,793086727048.529
21_VN,2038,238.71678222294267,832432596288.039
21_VN,2039,248.6552386217029,869468643335.213
21_VN,2040,261.08759372458667,914332944275.105
21_VN,2041,271.9552591794889,959451374183.353
21_VN,2042,282.5868181174711,1004825033533.01
21_VN,2043,293.21050624111115,1050455026304.87
21_VN,2044,303.26567267652393,1096342461825.56
21_VN,2045,313.1985925256657,1142488452691.18
21_VN,2046,323.25643125283887,1188894116711.99
21_VN,2047,332.9087205469814,1235560574890.26
21_VN,2048,344.7482137961183,1291154419710.6
21_VN,2049,354.35372512725496,1338371104951.61
21_VN,2050,365.8211054596479,1394568100058.8
21_VN,2051,0.0,
21_VN,2052,0.0,
21_VN,2053,0.0,
21_VN,2054,0.0,
21_VN,2055,0.0,
21_VN,2056,0.0,
21_VN,2057,0.0,
21_VN,2058,0.0,
21_VN,2059,0.0,
21_VN,2060,0.0,
21_VN,2061,0.0,
21_VN,2062,0.0,
21_VN,2063,0.0,
21_VN,2064,0.0,
21_VN,2065,0.0,
21_VN,2066,0.0,
21_VN,2067,0.0,
21_VN,2068,0.0,
21_VN,2069,0.0,
21_VN,2070,0.0,
