Economy,Year,freight,passenger,freight_activity,passenger_activity
01_AUS,2017,434.4310136287106,949.7239060803911,744.1506257413457,457.720613353708
01_AUS,2018,454.7918989477105,939.4906053040102,769.390584060259,453.5438566999874
01_AUS,2019,465.5491360090953,960.8571533769057,787.4264877564466,464.52050767672523
01_AUS,2020,456.8537080892318,803.4722085869918,782.2600752293237,380.6855538454335
01_AUS,2021,442.23375897469003,902.9427811309671,774.937429552015,443.0125804721376
01_AUS,2022,450.240654913886,959.0441131615688,785.3105019314972,487.51745936855394
01_AUS,2023,456.9736220179675,961.4185359260857,795.2266681787444,504.30398380642725
01_AUS,2024,464.80318988633195,952.8622972146354,809.516926969142,512.1274724630233
01_AUS,2025,472.6100398865798,944.5141240915588,823.2880306458342,519.8876991595093
01_AUS,2026,477.9288857461105,936.7818496537047,831.930968999382,527.944059451741
01_AUS,2027,483.204103962258,929.3036859507795,840.1756608750588,536.1087060012646
01_AUS,2028,488.43165260558965,922.1457950236636,848.0306711354028,544.3931116341665
01_AUS,2029,493.6391904066847,915.4534847100853,855.5175407801595,552.814762053944
01_AUS,2030,499.1384700031832,911.6201800147921,862.652969353172,561.391751859068
01_AUS,2031,504.88516029984476,902.0622975017208,869.4327741959027,565.2132365098558
01_AUS,2032,510.8025691764596,900.2865706329685,875.8272003938132,574.1581701078179
01_AUS,2033,516.9157471562194,892.8500507173483,881.7632668116596,578.3792090700459
01_AUS,2034,523.0921675192543,892.9648859350143,887.1485525509298,587.6927530228318
01_AUS,2035,529.3195234715824,893.8861002896854,891.9245358624555,597.1727766957306
01_AUS,2036,535.5510036513176,895.4760907317988,896.0716446174911,606.8191787767742
01_AUS,2037,541.6715279736649,896.8921878535564,899.6099620114298,616.6154568908031
01_AUS,2038,547.6745022095103,898.0357607805936,902.584742035438,626.572055814942
01_AUS,2039,553.4500558891352,892.636401293047,903.486583655296,631.8237011351532
01_AUS,2040,558.9310304434982,892.9920412505103,902.45578709202,642.1490928155089
01_AUS,2041,564.317544576858,893.0770667787206,901.1702122462549,652.6681336635713
01_AUS,2042,569.565127156342,892.7886184925745,899.6758604194335,663.4127767977324
01_AUS,2043,574.6307346749096,892.0095226496995,898.0260868829998,674.3928768808618
01_AUS,2044,579.4651070592755,890.64356154357,896.2685584081818,685.6185109598429
01_AUS,2045,584.0116285755968,888.6211964428967,894.4427121772887,697.0983433319442
01_AUS,2046,588.2095571400321,885.9074572935239,892.5835762121342,708.8402867093978
01_AUS,2047,591.9899979485598,882.4668678018342,890.7122901646112,720.8142057236328
01_AUS,2048,595.2843291743212,878.3384009105121,888.8465173939942,733.0157442192249
01_AUS,2049,598.0258642886636,873.6050847839042,886.9970911960888,745.4404897160846
01_AUS,2050,600.9696725159392,869.737800759083,886.5736124741596,758.0878499877912
01_AUS,2051,0.0,0.0,883.1682541965155,780.6423689874864
01_AUS,2052,0.0,0.0,879.6383081257536,793.8303837930291
01_AUS,2053,0.0,0.0,891.1302023416138,807.3094957054466
01_AUS,2054,0.0,0.0,902.7168009102752,821.0898283043359
01_AUS,2055,0.0,0.0,914.4048936215986,835.1807393688239
01_AUS,2056,0.0,0.0,926.1979642391044,849.5907036239864
01_AUS,2057,0.0,0.0,938.0934725312736,864.3264101825258
01_AUS,2058,0.0,0.0,950.0855719550625,879.3936447790945
01_AUS,2059,0.0,0.0,962.1635613561156,894.7967704596575
01_AUS,2060,0.0,0.0,974.3189452086003,910.5410585913054
01_AUS,2061,0.0,0.0,986.5495548429119,926.634072419253
01_AUS,2062,0.0,0.0,998.8534106234796,943.0836492160187
01_AUS,2063,0.0,0.0,1011.2230457653586,959.8960105872922
01_AUS,2064,0.0,0.0,1023.6509788670473,977.0775803311398
01_AUS,2065,0.0,0.0,1036.1312883609678,994.6355183280671
01_AUS,2066,0.0,0.0,1048.6605089979228,1012.5780335973092
01_AUS,2067,0.0,0.0,1061.237831334839,1030.914466748399
01_AUS,2068,0.0,0.0,1073.8576170819224,1049.6527785608018
01_AUS,2069,0.0,0.0,1086.5139649183334,1068.80108393692
01_AUS,2070,0.0,0.0,1099.2044475215225,1088.3689252655638
02_BD,2017,3.369411294172573,15.414374418378678,1.0855238130758247,6.263663052478087
02_BD,2018,3.3960791559273504,15.838220593010705,1.0939516193137175,6.421338827063105
02_BD,2019,3.442703921952729,16.238649088075537,1.1087413497363094,6.572315267280772
02_BD,2020,3.5247630306696327,16.61610842283671,1.13487428794298,6.71554052020628
02_BD,2021,3.6487202345500056,16.970421720170332,1.174426684866018,6.851300052882067
02_BD,2022,3.673977186416115,17.49758030325175,1.1860824777733203,7.172801924370433
02_BD,2023,3.6217764333681446,17.5694162804473,1.2000493710343811,7.484877909109329
02_BD,2024,3.6119492027069535,17.66432912597078,1.2313160373387453,7.788106367615467
02_BD,2025,3.603658358464801,17.765737116453515,1.2603570283945895,8.07851938713423
02_BD,2026,3.593205398896299,17.871929364548347,1.285891071076895,8.359774538385523
02_BD,2027,3.6393882542470344,17.9721853484123,1.336395120342368,8.628714063350925
02_BD,2028,3.684229300993294,18.062676912016997,1.384279551094822,8.885632795293192
02_BD,2029,3.73666980312455,18.13855673903142,1.4341859047740764,9.12969035813035
02_BD,2030,3.785855662114392,18.19525570966251,1.4811953404754514,9.359727813152423
02_BD,2031,3.8332926217557413,18.246162566661916,1.5251976386141557,9.576195110283098
02_BD,2032,3.8887338047044766,18.287792293440678,1.5711720860872986,9.779435768359884
02_BD,2033,3.9425232249734257,18.322322108967104,1.6139069176891252,9.96770926937128
02_BD,2034,3.996398203497605,18.329568657414388,1.655934356965896,10.141616625414999
02_BD,2035,4.087376265758441,18.31647543228914,1.714478946095314,10.303264710773043
02_BD,2036,4.16800899692091,18.277742070986367,1.7671200536364624,10.4508491440712
02_BD,2037,4.255043394674602,18.212773452664248,1.8218905491524182,10.584481059851344
02_BD,2038,4.342561764113406,18.122196066750455,1.876144634280624,10.70522248460445
02_BD,2039,4.43016073649007,18.00447849535154,1.9297616198723504,10.812162789871483
02_BD,2040,4.517470638207174,17.86081667748051,1.9828888359365886,10.90744254410407
02_BD,2041,4.603882646153326,17.688939712482508,2.0353567097112926,10.989561686599231
02_BD,2042,4.683329060394864,17.493678565777486,2.0841943406003343,11.060629025738837
02_BD,2043,4.767032564695193,17.26981151355135,2.135391303827388,11.118810960389501
02_BD,2044,4.879303112480194,17.020936852943276,2.200918163748001,11.165149721656755
02_BD,2045,4.988309239772546,16.746631877412394,2.26569442751449,11.198206762654316
02_BD,2046,5.086374246205339,16.450820398218195,2.3263511578486007,11.21933414075056
02_BD,2047,5.185960050243042,16.136003047027785,2.389632002414553,11.228416074181572
02_BD,2048,5.271682613107339,15.804803045968425,2.4484549956905135,11.224976687157726
02_BD,2049,5.356050287348489,15.461898137026573,2.5100070436320667,11.209846144451571
02_BD,2050,5.430227167431938,15.105643133599884,2.5704982793458275,11.181178154259992
02_BD,2051,0.0,0.0,2.5695767135289205,11.139348635292968
02_BD,2052,0.0,0.0,2.5670995565639085,11.083725301461808
02_BD,2053,0.0,0.0,2.5631292586470082,11.014932344979307
02_BD,2054,0.0,0.0,2.5575722856018253,10.932237990128932
02_BD,2055,0.0,0.0,2.5507822592924234,10.838849606235506
02_BD,2056,0.0,0.0,2.542488863443821,10.732511302193778
02_BD,2057,0.0,0.0,2.533056119330446,10.616523855270453
02_BD,2058,0.0,0.0,2.5221721152262493,10.488306840005361
02_BD,2059,0.0,0.0,2.5102424687372116,10.351515079558357
02_BD,2060,0.0,0.0,2.4971216521420576,10.205029809514244
02_BD,2061,0.0,0.0,2.4829969050661984,10.050601592501899
02_BD,2062,0.0,0.0,2.4678058920155594,9.887842124799116
02_BD,2063,0.0,0.0,2.451652661282445,9.71778420854611
02_BD,2064,0.0,0.0,2.4348388418642983,9.543099808946723
02_BD,2065,0.0,0.0,2.4172397051070487,9.362858918387055
02_BD,2066,0.0,0.0,2.3990320927897693,9.178652088898843
02_BD,2067,0.0,0.0,2.3803200541109883,8.991437037457638
02_BD,2068,0.0,0.0,2.3610724518538655,8.801049879424966
02_BD,2069,0.0,0.0,2.341341340812193,8.608008187681133
02_BD,2070,0.0,0.0,2.321345159572228,8.414152573529439
03_CDA,2017,1276.742451645017,1317.095780186256,1007.983668778,783.694521064
03_CDA,2018,1301.641042495315,1375.2543604493721,1024.821764036,818.30155394782
03_CDA,2019,1333.6173222718935,1391.4362660101542,1040.867724266024,827.527632489676
03_CDA,2020,1378.3223780267367,999.1009620471058,1064.247058532708,567.775971593245
03_CDA,2021,1324.2019080553757,1185.001045886413,1033.4209101484448,717.600570817464
03_CDA,2022,1361.5969744052584,1295.78197030666,1094.996439597974,827.31395678421
03_CDA,2023,1370.910470706113,1275.4486547934562,1126.37120445529,839.13559738717
03_CDA,2024,1370.1162224885504,1253.0898589314693,1146.12354656026,848.7515612864
03_CDA,2025,1367.5791423735125,1230.8581032706609,1163.4139224982,858.00653054
03_CDA,2026,1364.5472599919622,1208.881302177976,1179.868854478,867.196356211
03_CDA,2027,1361.5490811820064,1187.2862113103865,1196.368839271,876.5407754839999
03_CDA,2028,1358.372479010809,1166.0154172207228,1212.885152794,886.037498408
03_CDA,2029,1355.061359785037,1145.2258050316455,1229.414048874,895.686137917
03_CDA,2030,1351.8776009510539,1130.1962422493045,1245.898172439,905.488110247
03_CDA,2031,1349.646864140588,1116.694940798484,1262.3235866339999,915.4516950849999
03_CDA,2032,1348.4552371779123,1104.995654960564,1278.6730291029999,925.533484072
03_CDA,2033,1347.9413861066462,1094.569275514738,1294.870270335,935.72253417
03_CDA,2034,1348.5615055142832,1085.80170965159,1310.8497920599998,946.0011583639999
03_CDA,2035,1349.6726794073609,1078.141243322151,1326.545483293,956.355715515
03_CDA,2036,1351.150953598188,1071.4939709349383,1341.914295106,966.781645865
03_CDA,2037,1352.7406016401758,1065.6840291098092,1356.950846226,977.283118972
03_CDA,2038,1354.007216319505,1059.888029719774,1371.674427697,987.866840519
03_CDA,2039,1354.8558308100983,1054.0086508002528,1386.070309513,998.542599448
03_CDA,2040,1355.234840130278,1047.953780125402,1400.170691196,1009.320580986
03_CDA,2041,1355.0576645597198,1041.6543591212944,1413.957320653,1020.2068128880001
03_CDA,2042,1354.2303504265965,1035.0351909320384,1427.403821999,1031.206075049
03_CDA,2043,1352.7051685916988,1028.033795270816,1440.5319212,1042.321690167
03_CDA,2044,1350.4141597614973,1020.6027114681757,1453.3318326459998,1053.55451152
03_CDA,2045,1347.3113935063361,1012.7141834267622,1465.8117058550001,1064.906177969
03_CDA,2046,1343.3635663069676,1004.3694151737171,1477.979783327,1076.384588383
03_CDA,2047,1338.518050092245,995.5910582035264,1489.810310589,1088.0001817309999
03_CDA,2048,1332.7576579873705,986.4237722206957,1501.3034035389999,1099.762802395
03_CDA,2049,1326.0662139907745,976.9321127810309,1512.441720629,1111.682272793
03_CDA,2050,1319.84670413491,969.9574001449142,1523.192424263,1123.77497762
03_CDA,2051,0.0,0.0,1534.987437939,1136.0485441829999
03_CDA,2052,0.0,0.0,1546.763753049,1148.494689053
03_CDA,2053,0.0,0.0,1558.564805363,1161.124468901
03_CDA,2054,0.0,0.0,1570.425780306,1173.950440726
03_CDA,2055,0.0,0.0,1582.390012644,1186.983431724
03_CDA,2056,0.0,0.0,1594.449028592,1200.229600231
03_CDA,2057,0.0,0.0,1606.6534761019998,1213.6943986420001
03_CDA,2058,0.0,0.0,1618.993236193,1227.386886598
03_CDA,2059,0.0,0.0,1631.505169285,1241.316133632
03_CDA,2060,0.0,0.0,1644.216971121,1255.489119413
03_CDA,2061,0.0,0.0,1657.118280141,1269.911211611
03_CDA,2062,0.0,0.0,1670.21205789,1284.583864805
03_CDA,2063,0.0,0.0,1683.468645432,1299.504779397
03_CDA,2064,0.0,0.0,1696.847205191,1314.669217853
03_CDA,2065,0.0,0.0,1710.328127623,1330.073683694
03_CDA,2066,0.0,0.0,1723.885011767,1345.719902987
03_CDA,2067,0.0,0.0,1737.508534521,1361.60989801
03_CDA,2068,0.0,0.0,1751.167527966,1377.740943922
03_CDA,2069,0.0,0.0,1764.841489203,1394.1092632070001
03_CDA,2070,0.0,0.0,1778.487362155,1410.712886216
04_CHL,2017,146.5157552615787,234.18309493184856,47.186817634,125.54734757199999
04_CHL,2018,154.53550761839696,241.8549040861632,49.09500270299999,132.734319511
04_CHL,2019,152.2234723589672,244.6459647555135,48.104815729,134.148816251
04_CHL,2020,127.10768641492115,167.3730020220161,39.931224343,87.106755277
04_CHL,2021,140.12890034064932,215.16048190510648,43.836767935,119.247728775
04_CHL,2022,146.5144048826805,233.43420954605034,46.589607713999996,130.774571618407
04_CHL,2023,146.9997155199446,234.11166463026163,48.21259294814,137.878013298527
04_CHL,2024,147.5969337098106,233.60973716965694,49.7900516754,143.7391737332
04_CHL,2025,148.23470749638514,232.9020479713666,51.316033643000004,149.116894293
04_CHL,2026,148.84160253478757,231.71283489308573,52.786578562,153.97180448199998
04_CHL,2027,149.34810169447934,230.469137274798,54.200241025,158.843200441
04_CHL,2028,149.71310432021454,229.0993939769405,55.557689335999996,163.70477341699998
04_CHL,2029,149.94655163962858,227.67309336869198,56.861624067,168.524176147
04_CHL,2030,150.0987779209235,226.3312486982682,58.116243208,173.273529106
04_CHL,2031,150.3298075281097,225.45445146289902,59.326113503,177.944943159
04_CHL,2032,150.65183136339576,224.84077087433548,60.49565026,182.532555229
04_CHL,2033,151.07039096093052,224.54905147178238,61.628914625,187.098142479
04_CHL,2034,151.57961318457902,224.6260103991727,62.729630378,191.723409503
04_CHL,2035,152.17131097681093,225.08986194841742,63.80124408,196.469422647
04_CHL,2036,152.82957845426066,225.8785208119256,64.84663100099999,201.361348116
04_CHL,2037,153.47629588257354,226.64301834509268,65.867333538,206.396710842
04_CHL,2038,154.10281684794637,227.35509301000218,66.86561153299999,211.568981486
04_CHL,2039,154.70084056764787,227.97467000419422,67.843225324,216.85695773
04_CHL,2040,155.25977415575025,228.4625836696774,68.801553036,222.241550649
04_CHL,2041,155.76801949693905,228.88163143169862,69.741377477,227.721599705
04_CHL,2042,156.21214266935715,229.241536901769,70.662783764,233.344805573
04_CHL,2043,156.5771069028977,229.50679484016527,71.56535228599999,239.110703234
04_CHL,2044,156.84681503520912,229.64168398658023,72.44852469,245.019216713
04_CHL,2045,157.00436530332055,229.61101717654734,73.31184176100001,251.071579408
04_CHL,2046,157.03105060210325,229.38031872138387,74.154573299,257.270619834
04_CHL,2047,156.90599025065194,228.88001050559018,74.975662094,263.574913561
04_CHL,2048,156.60585556610633,228.07260296675435,75.77376163,269.980902665
04_CHL,2049,156.10498787355243,226.9195060286397,76.547492717,276.482559861
04_CHL,2050,155.3752969250773,225.383357375628,77.29566401,283.07373891099996
04_CHL,2051,145.4951645595028,210.88082684419354,78.01985985900001,289.883161909
04_CHL,2052,151.08638076206202,212.13194927618287,81.75505881000001,298.006427484
04_CHL,2053,151.4478368580796,212.36501639767425,82.467942373,299.288879952
04_CHL,2054,151.8240502213519,212.60133386132821,83.214320579,300.60619986300003
04_CHL,2055,152.19221811908645,212.84070657535986,83.949058097,301.958695178
04_CHL,2056,152.55809551698866,213.08293448811824,84.683464458,303.346676531
04_CHL,2057,152.92173625712684,213.3278397322996,85.417573448,304.77045686
04_CHL,2058,153.28319243175494,213.57526288077997,86.151417947,306.230350973
04_CHL,2059,153.642514663581,213.82506309419702,86.88502908500001,307.726675332
04_CHL,2060,153.99975188007764,214.0771186206497,87.618435534,309.259747856
04_CHL,2061,154.3549515686058,214.3313255777668,88.35166328700001,310.829887633
04_CHL,2062,154.70815980504807,214.58759728774913,89.08473549499999,312.437414925
04_CHL,2063,155.05942128102313,214.8458631313004,89.817672499,314.08265109
04_CHL,2064,155.40877921040638,215.1060667102978,90.55049197599999,315.76591856
04_CHL,2065,155.75627585756388,215.36816448984982,91.283209187,317.487540975
04_CHL,2066,156.10195182104744,215.63212397344745,92.015837115,319.247843239
04_CHL,2067,156.44584686577232,215.89792193299894,92.748386881,321.04715162599996
04_CHL,2068,156.78799940238545,216.1655423092462,93.480867832,322.885794072
04_CHL,2069,157.12844687326637,216.43497504259577,94.213287869,324.76410011499996
04_CHL,2070,157.46722555053307,216.7062140149982,94.945653662,326.68240129
05_PRC,2017,6084.5629141469135,6828.512122883355,12566.517763,8419.831175
05_PRC,2018,6125.125929752548,7706.487259633555,12751.595527000001,9261.312061999999
05_PRC,2019,6598.658911114248,8195.692833688734,13519.496622999999,9518.958763999999
05_PRC,2020,6761.859823131015,7542.340529208635,13579.315822,8469.458568
05_PRC,2021,7115.857904212903,8370.756648965484,14617.406403,9729.96209
05_PRC,2022,7536.95450917657,8724.53679041711,15521.937174,10506.395308000001
05_PRC,2023,7980.231400416306,8867.334436295627,16527.913551999998,10868.250535000001
05_PRC,2024,8449.679048721693,8998.388570463756,17583.59193,11229.196622
05_PRC,2025,8886.928857319559,9117.074544688805,18585.674022,11588.145594
05_PRC,2026,9175.304099858993,9053.592289565573,19208.179829,11719.56661
05_PRC,2027,9389.485523789046,9065.302582680735,19701.782949,11935.237632
05_PRC,2028,9589.962812922571,9056.094081454552,20167.392499,12135.747123
05_PRC,2029,9776.201371113442,9026.762264858042,20604.856912,12321.226286
05_PRC,2030,9954.12388948576,9004.801150130977,21014.003263,12491.795179
05_PRC,2031,10120.086691794713,8967.060246530664,21394.534989,12647.524053000001
05_PRC,2032,10272.707684561054,8913.520747116352,21744.705743,12787.797574
05_PRC,2033,10411.01666413534,8844.548828491243,22063.565919,12912.403597999999
05_PRC,2034,10534.026532177155,8760.604867423594,22349.940732,13021.010539
05_PRC,2035,10640.97148455958,8660.839131290128,22602.882482,13113.47136
05_PRC,2036,10731.006063952524,8545.93660040681,22822.250762,13189.948032
05_PRC,2037,10803.886250094394,8419.22756868419,23010.308847999997,13251.367467
05_PRC,2038,10859.716810901353,8282.254960888575,23168.270938,13298.38118
05_PRC,2039,10898.804325119912,8136.610341914131,23297.685264,13331.75959
05_PRC,2040,10921.441489943276,7983.898277094325,23400.417182999998,13352.349532
05_PRC,2041,10928.819023220427,7827.314652143296,23478.703578,13361.065101
05_PRC,2042,10921.090481073872,7667.727040283603,23533.313374999998,13358.183377
05_PRC,2043,10899.29583039675,7505.002362927823,23566.839743,13342.171956
05_PRC,2044,10864.371346058359,7341.9066672817025,23581.691387,13316.857057000001
05_PRC,2045,10817.37370475847,7179.552906709303,23580.379172,13283.234766
05_PRC,2046,10759.488235670427,7018.994941453269,23565.609453,13242.310679
05_PRC,2047,10692.642154393881,6861.562049081128,23541.715169,13195.803305
05_PRC,2048,10618.063249005862,6708.116983615258,23511.356044,13144.658758
05_PRC,2049,10536.8788893439,6559.3683747849445,23476.883357,13089.642362999999
05_PRC,2050,10468.433773284425,6427.091001408833,23439.984063000004,13031.28669
05_PRC,2051,9949.172204205403,6015.070929074338,23798.51772,13113.804494
05_PRC,2052,9975.55524876191,6014.53964522801,24162.208662999998,13191.783135
05_PRC,2053,10002.382972735892,6013.627686290932,24531.063422,13268.090891
05_PRC,2054,10029.658550834449,6012.3287128473,24905.155366,13342.652134
05_PRC,2055,10057.390247167565,6010.633902290615,25284.619087,13415.388535
05_PRC,2056,10085.579765423321,6008.538115262215,25669.528155,13486.221527
05_PRC,2057,10114.221353133331,6006.033182044071,26059.842145,13555.071649
05_PRC,2058,10143.332294421469,6003.11689617554,26455.819905,13621.887265
05_PRC,2059,10172.901554323304,5999.7864656953725,26857.364233,13686.627355
05_PRC,2060,10202.94217151948,5996.041290582317,27264.676803000002,13749.258689
05_PRC,2061,10233.45286781096,5991.878330681466,27677.784996000002,13809.729896
05_PRC,2062,10264.442295491994,5987.294045552204,28096.836019000002,13867.9895
05_PRC,2063,10295.904899935213,5982.290058678907,28521.801857,13924.005246
05_PRC,2064,10327.853866976406,5976.864611958644,28952.892154999998,13977.750606
05_PRC,2065,10360.283919907315,5971.020223966807,29390.082619,14029.201186999999
05_PRC,2066,10393.204099973078,5964.754354888793,29833.527926,14078.321551
05_PRC,2067,10426.620560536512,5958.068491670745,30283.334007,14125.072477
05_PRC,2068,10460.52824439781,5950.9585411884755,30739.527084999998,14169.393181000001
05_PRC,2069,10494.934895154329,5943.420512865232,31202.217172,14211.211142
05_PRC,2070,10529.846404790109,5935.452195286721,31671.51296,14250.456572000001
06_HKC,2017,42.582348242506754,44.01433520881634,6.945221181167341,44.35413399202499
06_HKC,2018,41.12112130598158,45.56398811384445,6.639899631722325,45.89430528089041
06_HKC,2019,39.854003431999836,44.56500580022127,6.494041675549164,44.7956379111911
06_HKC,2020,36.054674315091574,34.53267221173128,5.924399729537122,32.95907432443836
06_HKC,2021,37.46284498474203,40.07568601002102,6.253914556293854,40.05742663059083
06_HKC,2022,37.49823569711303,40.85860898433834,6.29680492970776,42.3274390441614
06_HKC,2023,37.34897555485709,41.185398778321535,6.30366627372372,43.319149135019856
06_HKC,2024,37.18951899305578,41.46880555832437,6.314304529561919,44.32112875692098
06_HKC,2025,37.05070690799574,41.876294765059036,6.3356255309213205,45.4781743292269
06_HKC,2026,36.84481867036542,41.91461893056007,6.347511729546668,46.22456634293365
06_HKC,2027,36.70154056387929,42.00983982807827,6.374717714760399,47.092677284645106
06_HKC,2028,36.53884837673129,42.05244705712712,6.401326458831006,47.94471447026939
06_HKC,2029,36.35749096931677,42.050340619438096,6.427339340656027,48.78902916769704
06_HKC,2030,36.23572824607666,42.10927630283216,6.468263692640159,49.76251874863238
06_HKC,2031,36.05460493352751,42.05170677346339,6.493004962773342,50.59593548275168
06_HKC,2032,35.963631669309585,42.06874509793796,6.532493866373708,51.548186089942405
06_HKC,2033,35.884263272379044,42.057290290369885,6.571223723699221,52.4817020541553
06_HKC,2034,35.8139634191962,42.013522747878206,6.609193706079812,53.392010046387085
06_HKC,2035,35.82384508494514,42.01870992619957,6.661498449107192,54.39613277881816
06_HKC,2036,35.76406503870042,41.904266796388676,6.69786201843126,55.25263748809142
06_HKC,2037,35.77668582854402,41.825536751210755,6.74839210964998,56.19800868268081
06_HKC,2038,35.7863613244833,41.70098852340911,6.797989545506845,57.11302433039572
06_HKC,2039,35.790651842727534,41.530920062711225,6.846650466540742,57.997673840767185
06_HKC,2040,35.787290905764976,41.31587956053184,6.894370262418748,58.85169253753936
06_HKC,2041,35.84091044395888,41.1175723904963,6.9557490313940455,59.77890192552887
06_HKC,2042,35.8126610952827,40.81031623778796,7.001487891828446,60.56837893069748
06_HKC,2043,35.83471972103002,40.515918014615785,7.060709049830048,61.42595032929172
06_HKC,2044,35.83699118670543,40.17459286224356,7.118798985704291,62.24741808927186
06_HKC,2045,35.774389995829225,39.76034562452211,7.161470120132818,62.937639281757356
06_HKC,2046,35.866992624718506,39.440012486750646,7.245744874377248,63.87461555857101
06_HKC,2047,35.87487466906411,39.031866250100336,7.31441586133114,64.67594286371515
06_HKC,2048,35.92004219589952,38.63050639580638,7.395781924502703,65.52539734732768
06_HKC,2049,35.94316427457951,38.19588599361639,7.4756322952392855,66.33075672311413
06_HKC,2050,35.969861337642506,37.85520281274899,7.553951584687544,67.09263062434127
06_HKC,2051,33.66798118264899,35.90178685830978,7.635434560664128,67.84320620980567
06_HKC,2052,33.73517224826527,36.07161856867105,7.720139231978253,68.58621090435435
06_HKC,2053,33.80431358303324,36.24007592199208,7.80807965837946,69.32196246494834
06_HKC,2054,33.87539109194033,36.40721560863153,7.89926958269742,70.05066191366933
06_HKC,2055,33.94839178752687,36.573102092759434,7.993722411163989,70.7725528757094
06_HKC,2056,34.02330393352947,36.73782457686313,8.09145119304529,71.48800206286522
06_HKC,2057,34.10011717900107,36.90143819158048,8.192468599562888,72.1972185953953
06_HKC,2058,34.17882268281332,37.06395683127893,8.296786902083486,72.90021909528902
06_HKC,2059,34.25941322837612,37.225386934968064,8.404417949555665,73.59698828191442
06_HKC,2060,34.34188332835232,37.38566769003995,8.515373145171258,74.28719344139802
06_HKC,2061,34.42622931984437,37.54484514553659,8.629663422228957,74.97101494765987
06_HKC,2062,34.51244944941645,37.70288190770967,8.74729921917672,75.64823826012801
06_HKC,2063,34.60054394895854,37.85970910783387,8.868290453809271,76.31850172093895
06_HKC,2064,34.690515102251595,38.01518975202447,8.992646496595498,76.98112177700517
06_HKC,2065,34.78236730285032,38.16920059288102,9.120376143111482,77.6354838640102
06_HKC,2066,34.87610710350775,38.32169585467959,9.251487585552315,78.28134647405038
06_HKC,2067,34.971743257435364,38.47263435704212,9.385988383296654,78.9184933854691
06_HKC,2068,35.06928675198271,38.621852894970296,9.523885432496568,79.54613019447554
06_HKC,2069,35.16875083559743,38.769167360995304,9.665184934664335,80.16336720261289
06_HKC,2070,35.27015103823383,38.91442725215266,9.80989236422804,80.76947947673058
07_INA,2017,655.8063842737407,1721.312617969046,258.644246184,734.761461596
07_INA,2018,808.4148078918087,1781.8591664765713,317.82297681000006,766.409185107
07_INA,2019,844.6452920878016,1840.2392401411225,333.173892724,797.488816003
07_INA,2020,825.193086570133,1666.6437546605468,327.107816252,740.546631101
07_INA,2021,853.3030181749621,1821.1777463143019,342.29121982199996,821.022312748
07_INA,2022,883.8430347147548,1855.6815728141296,362.068774853,860.7384609400001
07_INA,2023,911.2335491472921,1885.0611201889135,380.212287243,897.374840854
07_INA,2024,938.0183561735654,1915.6096323628167,398.90270728400003,935.084092502
07_INA,2025,965.4470349227589,1948.5713922650773,418.516397915,974.588764346
07_INA,2026,992.2099812934845,1977.5951375734303,435.86875674399994,1009.831604812
07_INA,2027,1019.8592300814286,2008.008715420044,453.69036766100004,1046.008210644
07_INA,2028,1048.3794355459129,2039.6338272811506,471.99581553999997,1083.1479928620001
07_INA,2029,1077.7453649627844,2072.2715745514215,490.793750414,1121.268200572
07_INA,2030,1108.0511054531048,2110.486589631144,510.073155434,1160.348210846
07_INA,2031,1139.6251674999594,2150.401323572298,529.830262802,1200.3811831159999
07_INA,2032,1172.5090628303437,2193.854276993985,550.109252145,1241.451218121
07_INA,2033,1206.675215161565,2238.8806993661483,570.9181457919999,1283.5721131490002
07_INA,2034,1242.103518906051,2285.299414197375,592.267451474,1326.7615357290001
07_INA,2035,1278.7786431498805,2332.942304392025,614.168937487,1371.0389890239999
07_INA,2036,1316.6476016035688,2381.218558280136,636.620689343,1416.39739398
07_INA,2037,1355.6274717960014,2427.861691074269,659.6114954999999,1462.811070225
07_INA,2038,1395.7161664344408,2472.6744586986147,683.1641457740001,1510.318362696
07_INA,2039,1436.8472327382462,2515.625359353187,707.270213352,1558.8967512660001
07_INA,2040,1478.944799620446,2556.908423104438,731.918615597,1608.5174774270001
07_INA,2041,1518.1037195121817,2595.864693443376,757.107522839,1659.168793562
07_INA,2042,1557.8979731998047,2633.8415689830576,782.83317089,1710.833747962
07_INA,2043,1598.2411131804313,2671.018333967211,809.0938171920001,1763.497380131
07_INA,2044,1639.00505081485,2707.41168978164,835.871695281,1817.112290333
07_INA,2045,1679.9496722489823,2742.7173651189282,863.096081083,1871.527898453
07_INA,2046,1725.1572783017602,2777.469045813919,890.697184323,1926.5942552019999
07_INA,2047,1770.309978442065,2810.174325908354,918.651796213,1982.2503653429999
07_INA,2048,1815.2434359554832,2840.312714389902,946.9589656490001,2038.477056638
07_INA,2049,1859.7729411198125,2867.3291562916543,975.620504319,2095.259442584
07_INA,2050,1904.5507999983174,2896.1672753868684,1004.636603065,2152.5779614979997
07_INA,2051,1780.2302614668408,2708.9331000530283,1034.552501999,2211.010436638
07_INA,2052,1781.9681537146555,2723.8977633981694,1065.385698234,2271.1560937159998
07_INA,2053,1783.8136681886983,2739.320464669841,1097.127508949,2333.03276748
07_INA,2054,1785.7684044331509,2755.2151949761037,1129.849946541,2396.740044317
07_INA,2055,1787.834059886299,2771.5963606546566,1163.526465956,2462.282004585
07_INA,2056,1790.0124316329557,2788.4787150938655,1198.253907844,2529.781126018
07_INA,2057,1792.3054190122784,2805.8774753282205,1233.97985849,2599.220685939
07_INA,2058,1794.7150243414183,2823.8084335604976,1270.835161528,2670.754944194
07_INA,2059,1797.2433531653492,2842.2878978371164,1308.731607885,2744.338402716
07_INA,2060,1799.8926181862844,2861.3326207968275,1347.845157598,2820.167206153
07_INA,2061,1802.665141669795,2880.959795939074,1388.0399476060002,2898.154127347
07_INA,2062,1805.5633551193148,2901.1870717764236,1429.550119694,2978.550794455
07_INA,2063,1808.5898002911324,2922.03264474331,1472.178282278,3061.212584792
07_INA,2064,1811.747136693382,2943.5152408879762,1516.23193177,3146.465789976
07_INA,2065,1815.0381390302252,2965.6541480030783,1561.435974272,3234.0872241929997
07_INA,2066,1818.465701423458,2988.4692093145113,1608.188955026,3324.5025722600003
07_INA,2067,1822.0328397991161,3011.9808965840216,1656.1190432570002,3417.381820606
07_INA,2068,1825.7426929857952,3036.2103485698954,1705.736759568,3513.283474946
07_INA,2069,1829.5985300785233,3061.1793725794223,1756.550792821,3611.733145084
07_INA,2070,1833.6037466992727,3086.9103561723264,1809.208784508,3713.465517109
08_JPN,2017,1092.8218602876034,1891.6607305238927,415.2233184295,1419.2327423969998
08_JPN,2018,1099.1632867891667,1856.1670577350392,415.292427533,1400.764047936
08_JPN,2019,1120.905484990184,1844.556411343168,415.35421828596657,1397.48400822504
08_JPN,2020,1021.0629130027514,1424.7152560380125,373.1727460911925,1007.3302902591
08_JPN,2021,1105.403702485369,1697.3046557611667,415.04106496882105,1303.50300147705
08_JPN,2022,1081.222101841452,1763.4381031879639,415.368006088717,1403.33712763118
08_JPN,2023,1058.268316025638,1727.6283596400615,415.476252655987,1403.4238005412499
08_JPN,2024,1037.6602402452702,1693.8132899132231,415.56747400992606,1403.0247867438
08_JPN,2025,1018.9474436432835,1661.4783770338568,415.62248643259,1402.0862200888
08_JPN,2026,1001.9798735248567,1630.8589952110701,415.72298768580004,1400.996662121
08_JPN,2027,986.4142973565858,1601.608429693226,415.83153083059995,1399.596324518
08_JPN,2028,972.0470427902178,1573.6735137830512,415.946501924,1397.913684948
08_JPN,2029,958.7211346629133,1547.0390235112325,416.06645164500003,1395.985229073
08_JPN,2030,946.5402423485706,1523.702734331111,416.190144271,1393.8412908789999
08_JPN,2031,935.5533223217445,1487.5659819923635,416.31649779400004,1380.797555231
08_JPN,2032,925.6248677571646,1457.4212483256556,416.44537987900003,1370.639999715
08_JPN,2033,916.6302953795089,1428.9753786428435,416.575898436,1360.382679519
08_JPN,2034,908.4596430711994,1402.046334417888,416.707485254,1350.022527721
08_JPN,2035,901.0174179677011,1376.4768390546835,416.83994842699997,1339.563035493
08_JPN,2036,894.2202687941536,1352.1391528872189,416.97338714800003,1329.018366582
08_JPN,2037,887.8874961648725,1327.9699701435234,417.106838788,1318.407568654
08_JPN,2038,881.9469862617018,1303.861697586344,417.24035749200004,1307.753871971
08_JPN,2039,876.3326436665744,1279.7117917999008,417.374046122,1297.083847383
08_JPN,2040,870.9829311105161,1255.4166585096843,417.50809059999995,1286.420341543
08_JPN,2041,865.8397237793819,1230.877546731668,417.64268273,1275.77553055
08_JPN,2042,860.8458491425309,1205.992204669396,417.77776777300005,1265.15848801
08_JPN,2043,855.944192941264,1180.6760571768846,417.913025302,1254.583896321
08_JPN,2044,851.0769797528287,1158.2821898797592,418.04804646699995,1246.824645336
08_JPN,2045,846.1854346495229,1135.2025767974756,418.182655167,1239.0992161010001
08_JPN,2046,841.2094638703436,1111.3974439316207,418.317168121,1231.413290715
08_JPN,2047,836.0845294814744,1086.8536518192036,418.451045592,1223.765148125
08_JPN,2048,830.7459686575664,1061.598814652283,418.585316856,1216.156165043
08_JPN,2049,825.1270066984079,1035.6998195524095,418.721448674,1208.586447293
08_JPN,2050,820.1406950297198,1010.4833172727622,418.861126986,1201.053242725
08_JPN,2051,752.2213465274208,907.5347095089023,419.002362429,1193.55163872
08_JPN,2052,752.337408967598,901.8478111035137,419.145180783,1186.072468072
08_JPN,2053,752.4547364354552,896.1551534000688,419.289599587,1178.585723147
08_JPN,2054,752.5733426246603,890.4273312190567,419.435637095,1171.0527313
08_JPN,2055,752.6932409892995,884.6417311521903,419.58331128,1163.4437524960001
08_JPN,2056,752.8144452069963,878.7929831772777,419.73264052599995,1155.751724013
08_JPN,2057,752.9369689041703,872.8828677136847,419.883643215,1147.9789877619999
08_JPN,2058,753.060826359283,866.9068892047804,420.036338388,1140.119631065
08_JPN,2059,753.1860312857241,860.8621875193963,420.19074481,1132.169892645
08_JPN,2060,753.3125983198203,854.7496851208787,420.346881827,1124.130985524
08_JPN,2061,753.4405415962001,848.5710228038168,420.504768613,1116.005067642
08_JPN,2062,753.5698753905434,842.3346178614861,420.66442491099997,1107.803209103
08_JPN,2063,753.700614874299,836.0571953143939,420.82587062100004,1099.5474058319999
08_JPN,2064,753.8327743737057,829.7608146313352,420.989125703,1091.266669648
08_JPN,2065,753.9663688734382,823.4663578040075,421.154210344,1082.988463706
08_JPN,2066,754.1014137461858,817.1856190646166,421.321145241,1074.7282991
08_JPN,2067,754.2379241574832,810.9312906313025,421.48995111,1066.502868335
08_JPN,2068,754.3759152099744,804.7266034799862,421.660648746,1058.342723681
08_JPN,2069,754.5154025431854,798.5982929046512,421.833259475,1050.283026338
08_JPN,2070,754.6564019531442,792.5696030054188,422.007804712,1042.354345837
09_ROK,2017,789.1963293104703,693.4595485953442,160.27214749099997,738.560837916
09_ROK,2018,765.9565401246074,694.6873609351477,155.57450420230003,740.5129200700001
09_ROK,2019,777.0279939429059,702.5378422351514,157.6562734185884,747.985984083414
09_ROK,2020,728.9683638584424,553.2510658934186,147.6757837145207,574.839888462902
09_ROK,2021,811.062405634756,664.4921145110959,167.52197803326771,714.491148991766
09_ROK,2022,807.8350912944858,706.0543573146745,170.8447595052529,774.139110119523
09_ROK,2023,805.3249048725143,706.375399419084,174.255594563892,785.077394644372
09_ROK,2024,802.512742850724,705.8406992602177,177.402266349523,795.1063266607
09_ROK,2025,799.6010233767795,704.4788875803682,180.38240661638,804.5174873375
09_ROK,2026,797.7120250748073,702.9793203818917,183.5633505152,814.4537796197
09_ROK,2027,795.9060442463704,700.6521683876056,186.69838887900002,824.140467831
09_ROK,2028,794.1367381755263,697.574350621587,189.78622413500003,833.577800178
09_ROK,2029,792.41502865512,693.9627682623843,192.82312532,842.7676566590001
09_ROK,2030,790.8576016407061,690.9529813142477,195.80574012,851.712502856
09_ROK,2031,789.7455404522997,688.4996413781422,198.733365607,860.379094417
09_ROK,2032,789.0947272150597,686.256523139252,201.60859717,868.7823570869999
09_ROK,2033,788.8979120866326,684.2588204876064,204.435544168,876.921626734
09_ROK,2034,789.1351534869194,682.4939048063121,207.21815369,884.7867085219999
09_ROK,2035,789.7806166384717,680.9352707826024,209.95929135400002,892.369205774
09_ROK,2036,790.7613812310392,679.4746984185616,212.66209339399998,899.666204389
09_ROK,2037,791.7765768485776,677.1810695364031,215.31136606799998,906.565193899
09_ROK,2038,792.775416362671,674.0206855665821,217.906460462,913.068420036
09_ROK,2039,793.7010832942851,669.9652260254642,220.444348729,919.175923029
09_ROK,2040,794.502797970749,664.9978605041289,222.923408677,924.890888645
09_ROK,2041,795.141654633569,659.1288344652917,225.345208411,930.220174375
09_ROK,2042,795.583535587117,652.3730104700196,227.712397301,935.173931982
09_ROK,2043,795.8073265659041,644.7707993418906,230.03130166900002,939.780871013
09_ROK,2044,795.8063714472361,636.3856339188171,232.31246506699998,944.084861815
09_ROK,2045,795.5851045661781,627.2998159996191,234.569567208,948.139617942
09_ROK,2046,795.1515589132418,617.6090564337919,236.816828677,952.001634146
09_ROK,2047,794.5622544746994,607.4421783476607,239.08479902399998,955.774937204
09_ROK,2048,793.81574724812,596.8996729961076,241.382832297,959.493209643
09_ROK,2049,792.9107225258482,586.0844046470937,243.71882273,963.183684347
09_ROK,2050,791.9364981197332,575.6698360113863,246.099907656,966.875061802
09_ROK,2051,741.1559280550929,530.0288355584046,248.51075580800003,970.53681149
09_ROK,2052,741.2122339795607,530.1693936552751,250.951739221,975.047194163
09_ROK,2053,741.2751923210911,530.3113166521954,253.423234586,979.561446114
09_ROK,2054,741.3448501838643,530.454985597338,255.925623243,984.092171749
09_ROK,2055,741.4212555044103,530.6008012998823,258.459291339,988.652161072
09_ROK,2056,741.5044568585554,530.7490198939702,261.024629929,993.249308691
09_ROK,2057,741.5945032286695,530.8999746514874,263.622034923,997.893632895
09_ROK,2058,741.6914438339795,531.0542906429866,266.25190703,1002.603704672
09_ROK,2059,741.7953289938652,531.2127013843686,268.914652182,1007.4008103929999
09_ROK,2060,741.906209186343,531.375846995578,271.610681257,1012.302796989
09_ROK,2061,742.0241353703143,531.5441605774035,274.340410216,1017.3208268569999
09_ROK,2062,742.1491598151257,531.7179264662138,277.104260468,1022.461362256
09_ROK,2063,742.2813345273181,531.8974833717075,279.902658401,1027.732274689
09_ROK,2064,742.4207124958243,532.0831285227151,282.736035874,1033.140012366
09_ROK,2065,742.5673475934675,532.27512867847,285.60483019000003,1038.689973856
09_ROK,2066,742.7212938753399,532.4738191715024,288.509484038,1044.389372374
09_ROK,2067,742.8826058520158,532.6794821990221,291.45044550200004,1050.243725839
09_ROK,2068,743.0513396879271,532.8922541100723,294.428168655,1056.2542971760001
09_ROK,2069,743.2275510919447,533.1121973868354,297.443112843,1062.420281105
09_ROK,2070,743.4112971675492,533.3394107644722,300.495743404,1068.7419327
10_MAS,2017,347.77174728421295,550.2907395369946,170.279655729357,330.317412703115
10_MAS,2018,345.9138340083088,543.8647736749994,169.29067415943803,326.67974845281515
10_MAS,2019,356.7960816499709,551.0355974870752,171.95019971455304,331.67445618297165
10_MAS,2020,336.20171686453267,496.90034882527146,163.9953916191359,293.0460849595896
10_MAS,2021,353.82607763045917,555.3528521939126,175.23276548484597,343.06603574089456
10_MAS,2022,365.1199049854809,571.5185395897671,185.00165220406507,365.0870156405663
10_MAS,2023,376.2761252908268,586.9237156217932,194.83892113031803,386.1722199845861
10_MAS,2024,387.2916511613016,600.9867389985855,204.50723064817208,405.98671369575897
10_MAS,2025,398.23231350765604,614.0055318566584,214.11169283901998,425.00126443040733
10_MAS,2026,407.80755315369106,624.0377565399115,222.85861376282907,441.77120052063856
10_MAS,2027,417.7728760760912,633.9369580132966,231.862797066749,458.8125646650879
10_MAS,2028,428.110558251268,643.1747059932873,241.12424275078197,475.629070627181
10_MAS,2029,438.8175959148327,652.0300331472938,250.64295081492605,492.43982868139335
10_MAS,2030,451.4305375392891,661.858299659167,260.676183639296,509.65966163058573
10_MAS,2031,465.5734064608349,674.1732572817112,272.252990744335,528.8898518852934
10_MAS,2032,477.91271432621045,684.3453381371784,282.543485948816,546.1315531569182
10_MAS,2033,490.4320449726975,693.8192054096247,292.83398115329703,562.3502151144058
10_MAS,2034,503.1222385639502,703.1073132432632,303.12447635777806,578.1393864275489
10_MAS,2035,519.9325613847259,716.2745635837792,315.9875953633779,597.1675608207745
10_MAS,2036,536.8522706184104,728.7951426965604,328.85071436897897,615.5634239301778
10_MAS,2037,549.873592295237,736.4141973617342,339.14120957346,629.9589691918471
10_MAS,2038,566.8486951160469,746.5675989539656,352.00432857906003,647.3035406539365
10_MAS,2039,583.8141025616643,755.3907873798995,364.867447584661,664.1051013258193
10_MAS,2040,600.7423199598217,762.8230176340661,377.73056659026304,680.3905141463816
10_MAS,2041,621.4748432249188,771.7508334259095,393.16630939698314,699.1733650847297
10_MAS,2042,638.2295321983648,776.0956703556752,406.0294284025841,714.3959668663798
10_MAS,2043,654.8417220391578,778.8353365079961,418.8925474081841,729.1599122151182
10_MAS,2044,675.0702070459764,782.348883340896,434.3282902149059,746.2082215353479
10_MAS,2045,691.2600493162589,781.6190740157964,447.191409220507,760.0207644932129
10_MAS,2046,710.9020830982154,781.2528770650481,462.62715202722705,775.9820215310554
10_MAS,2047,730.1618508985695,778.8981393053584,478.06289483394903,791.3788572135455
10_MAS,2048,748.9756177234814,774.5879652079794,493.4986376406689,806.2243816421112
10_MAS,2049,767.2797107829581,768.3908996496982,508.9343804473911,820.5278146884175
10_MAS,2050,781.5820435917459,759.8200734848049,521.7974994529919,832.0133971793704
10_MAS,2051,728.0386394175455,700.9724413649609,534.9938598836081,843.4245369071077
10_MAS,2052,728.2915623700599,702.4400072910313,548.5320949367789,854.8043234788705
10_MAS,2053,728.55554753379,703.911380669931,562.4210614680111,866.1439223789849
10_MAS,2054,728.8312280933467,705.3852039771742,576.6698457850268,877.4321205757528
10_MAS,2055,729.1193717533268,706.8601579648679,591.2877695921198,888.658169965088
10_MAS,2056,729.4205862802119,708.3352494285834,606.2843960885172,899.8143631764077
10_MAS,2057,729.7356000205267,709.8095447290427,621.669536224716,910.8935329586033
10_MAS,2058,730.0648705060242,711.2817294117907,637.4532551209209,921.8852440789062
10_MAS,2059,730.4090275504857,712.7503190719749,653.645878651742,932.7775933059689
10_MAS,2060,730.768310753398,714.2138751569004,670.2580002014968,943.559223232113
10_MAS,2061,731.1432678371795,715.6713508081232,687.30048759451,954.2222169668994
10_MAS,2062,731.5339146490278,717.121660049382,704.784490204957,964.7584216607395
10_MAS,2063,731.940785928182,718.5635465703836,722.7214462509089,975.1581725778238
10_MAS,2064,732.363698783241,719.9957461148881,741.1230902773259,985.4118924141103
10_MAS,2065,732.8032593560673,721.41706796202,760.0014608329249,995.5105912066182
10_MAS,2066,733.2591110873741,722.826555408543,779.368908345923,1005.4474630919575
10_MAS,2067,733.7320075922136,724.2235288195868,799.2381032038171,1015.2179935033641
10_MAS,2068,734.221432294595,725.6074924726114,819.6220440424848,1024.8193755752993
10_MAS,2069,734.7283434491864,726.9781992710978,840.5340662500311,1034.25077596478
10_MAS,2070,735.2520594696406,728.3354891048652,861.9878506909319,1043.5122301010701
11_MEX,2017,786.2917772278462,1567.2877779337161,383.3502612508539,568.968314732225
11_MEX,2018,806.4478980659363,1599.4096875952653,393.4458848236731,580.088464855376
11_MEX,2019,833.1378192806861,1616.190995873056,407.48777476467797,587.6543000000001
11_MEX,2020,769.4034394622041,1447.5661864877036,378.00434415124636,537.7612203294912
11_MEX,2021,881.9830228410593,1561.5257612877951,432.6872518752908,573.3471720300722
11_MEX,2022,889.2507166075844,1689.4021098860105,436.9714853517929,620.7783601244921
11_MEX,2023,889.5303530245782,1706.4298788308615,444.55690493910004,635.4213999999997
11_MEX,2024,890.0559315621076,1713.7857573953927,451.5278906832389,647.8939
11_MEX,2025,891.1306655216285,1722.036791042956,458.4036453954299,660.592
11_MEX,2026,898.4650549748701,1731.012168262596,468.82273529342893,673.5575
11_MEX,2027,906.519159745696,1740.596778781344,479.37857648322006,686.8272999999999
11_MEX,2028,915.1528572177398,1752.6984637895855,490.06905171380697,700.4288999999999
11_MEX,2029,924.2476987303305,1767.1905234240899,500.89392787075894,714.376
11_MEX,2030,933.7381141900643,1778.5950614099718,511.85086800911,728.6775000000001
11_MEX,2031,944.0315719078297,1791.8164963699007,522.9410404856909,743.3289
11_MEX,2032,955.0871190313328,1811.6439928077862,534.1416947975171,758.3119
11_MEX,2033,966.8583624753207,1827.9180936221524,545.4400966497778,773.5969999999999
11_MEX,2034,979.2858150130835,1845.6087624283632,556.825728946472,789.1588000000003
11_MEX,2035,991.7061441309598,1872.257916138933,567.287447863909,805.9490000000001
11_MEX,2036,1005.2268331656758,1891.739618829468,578.815279998585,821.9198999999999
11_MEX,2037,1019.0894211183485,1911.3008830461638,590.4032304862011,838.0167000000001
11_MEX,2038,1033.2240845766412,1930.6992867039937,602.0425529771283,854.197
11_MEX,2039,1047.551811273259,1949.66726321313,613.7189374611152,870.4077000000001
11_MEX,2040,1061.9938379764776,1967.939835461042,625.418887843664,886.5979999999998
11_MEX,2041,1075.3090725633879,1994.7965560680918,635.1286861793488,904.7292
11_MEX,2042,1089.7286313932057,2010.678245119858,646.825443412713,920.7645000000003
11_MEX,2043,1103.9925832869399,2025.2007838084494,658.491084208852,936.6707999999999
11_MEX,2044,1117.9988290803562,2038.1471276595425,670.103423152627,952.4114000000001
11_MEX,2045,1130.5188580937113,2057.9233120329122,679.6497042730881,969.9684999999998
11_MEX,2046,1143.7486574958175,2066.91088426915,691.1211180358039,985.3032000000002
11_MEX,2047,1156.4630077792285,2073.7988287630433,702.5133809371109,1000.3550000000001
11_MEX,2048,1168.5892411204024,2078.560986879418,713.827728208221,1015.1310000000002
11_MEX,2049,1180.0603311376833,2081.182344807863,725.067537680819,1029.6209999999999
11_MEX,2050,1190.8165098450193,2081.714652945054,736.2370780295801,1043.825
11_MEX,2051,0.0,0.0,748.7842579068722,1058.21966666667
11_MEX,2052,0.0,0.0,761.5044099883273,1072.56666666667
11_MEX,2053,0.0,0.0,774.4072830554143,1086.91366666667
11_MEX,2054,0.0,0.0,787.5003311009413,1101.26066666667
11_MEX,2055,0.0,0.0,800.7910644565502,1115.60766666667
11_MEX,2056,0.0,0.0,814.2863758422222,1129.95466666667
11_MEX,2057,0.0,0.0,827.9934035802241,1144.30166666667
11_MEX,2058,0.0,0.0,841.9220388281731,1158.6486666666701
11_MEX,2059,0.0,0.0,856.0813255760332,1172.9956666666703
11_MEX,2060,0.0,0.0,870.4771167927273,1187.34266666667
11_MEX,2061,0.0,0.0,885.1211078863552,1201.6896666666703
11_MEX,2062,0.0,0.0,900.0187493429993,1216.0366666666703
11_MEX,2063,0.0,0.0,915.1786370125902,1230.38366666667
11_MEX,2064,0.0,0.0,930.6108457695472,1244.73066666667
11_MEX,2065,0.0,0.0,946.3199573564902,1259.07766666667
11_MEX,2066,0.0,0.0,962.3171944207483,1273.42466666667
11_MEX,2067,0.0,0.0,978.6112891951622,1287.77166666667
11_MEX,2068,0.0,0.0,995.2094984326623,1302.1186666666702
11_MEX,2069,0.0,0.0,1012.1237525562593,1316.46566666667
11_MEX,2070,0.0,0.0,1029.3590754006002,1330.81266666667
12_NZ,2017,62.331861631139475,152.20193401354595,27.211369444,71.618711219
12_NZ,2018,62.09709715653089,154.52101894514462,27.113504943,72.676216105
12_NZ,2019,61.91873437820702,156.19473173002336,27.034118243389997,73.643906383558
12_NZ,2020,58.980974090184304,136.0810522966348,25.810250720408,64.60741532623399
12_NZ,2021,60.839653752284995,151.5727768697834,27.123724463593,73.6098922243912
12_NZ,2022,59.531651362266,151.18740451582875,27.041317705025,75.0499260404394
12_NZ,2023,58.285847153296714,150.28845890547737,26.951185780838,76.194295577026
12_NZ,2024,57.1145787810538,149.49095967327247,26.86221747725,77.328418243758
12_NZ,2025,56.000094784797305,148.77515399138875,26.769787763300002,78.47642542753
12_NZ,2026,54.935715938598506,148.09130688183706,26.675174754,79.6318097957
12_NZ,2027,53.91150349063055,147.41935396083568,26.578321736999996,80.792850407
12_NZ,2028,52.91825150829023,146.76733380928223,26.478751845,81.95985373399999
12_NZ,2029,51.951525639482135,146.15849109910206,26.376213086999996,83.132985209
12_NZ,2030,51.01448730249343,145.9114939440242,26.270886336,84.312448275
12_NZ,2031,50.12408265010835,145.81188438893366,26.163103409,85.498058725
12_NZ,2032,49.28155097895228,145.86045935151682,26.053196450999998,86.688299213
12_NZ,2033,48.485291573234804,146.04709862553628,25.941268372,87.880855139
12_NZ,2034,47.7318793970443,146.35636895582462,25.827193583000003,89.073069807
12_NZ,2035,47.01740520021243,146.7729211356978,25.71081433,90.263142521
12_NZ,2036,46.33778356057028,147.27006983054125,25.591840502,91.451005955
12_NZ,2037,45.67667559658895,147.68913282437495,25.469773634,92.634347725
12_NZ,2038,45.03003071494795,148.0174042914402,25.34435911,93.815355697
12_NZ,2039,44.39380270939929,148.24384131227995,25.215244216,94.99686053399999
12_NZ,2040,43.764195741921796,148.35853290012074,25.082114896999997,96.181695356
12_NZ,2041,43.13745136743078,148.3528626641417,24.944693981999997,97.370785324
12_NZ,2042,42.50985268610856,148.22382023616467,24.802236694,98.56781486300001
12_NZ,2043,41.8784825093927,147.96259331862032,24.654723543,99.771883275
12_NZ,2044,41.241036209788945,147.56518516709426,24.502236731,100.982729049
12_NZ,2045,40.59533046070612,147.0309027180271,24.34479384,102.199997682
12_NZ,2046,39.939351433094735,146.36324146630906,24.182358142,103.423887371
12_NZ,2047,39.27278223338951,145.56479100546576,24.015752465,104.65102842200001
12_NZ,2048,38.59430850788375,144.64566653295387,23.845023493,105.881609489
12_NZ,2049,37.90299493348809,143.6196419588549,23.670246711999997,107.116755766
12_NZ,2050,37.229472535065455,142.68943241914826,23.49141667,108.357700983
12_NZ,2051,34.58971230961768,132.4492414791104,23.300800019,109.610888139
12_NZ,2052,34.325133192383426,132.73885883859754,23.122577038,110.872615415
12_NZ,2053,34.05409754325414,133.0299316981621,22.940003332,112.147257227
12_NZ,2054,33.7764092688694,133.32275427989683,22.752946867000002,113.436103201
12_NZ,2055,33.491927849920145,133.6177482734198,22.561313076,114.741033031
12_NZ,2056,33.200505558743,133.9149910301388,22.365002464,116.062424823
12_NZ,2057,32.90195593633667,134.21470894478543,22.163889456,117.401328505
12_NZ,2058,32.59608482639142,134.5169729059455,21.957843272,118.758109221
12_NZ,2059,32.28272165415429,134.82193595380423,21.746749031,120.133507679
12_NZ,2060,31.96168782189484,135.12967314726288,21.530486432,121.527919236
12_NZ,2061,31.632827851039004,135.440283438955,21.308950766000002,122.941851494
12_NZ,2062,31.29588389486914,135.75370721647778,21.081968303,124.37508778399999
12_NZ,2063,30.950714869559675,136.06980057999704,20.849443984,125.82701577
12_NZ,2064,30.5971082424216,136.38836148797546,20.611234586000002,127.296737889
12_NZ,2065,30.234842418824716,136.70911107864373,20.367190778,128.782979105
12_NZ,2066,29.863717821291267,137.03198776884273,20.117178114,130.285455397
12_NZ,2067,29.48349401162462,137.3569530848245,19.861034636,131.803983106
12_NZ,2068,29.093983583538517,137.6838296605553,19.598634082,133.33771936600002
12_NZ,2069,28.694926444510244,138.01240777293688,19.329801224999997,134.885652487
12_NZ,2070,28.286114983036608,138.34259860613662,19.054396227999998,136.447327747
13_PNG,2017,6.693514233188739,18.077073240735047,2.734348595,12.223738941
13_PNG,2018,6.652443940904337,17.79192199903433,2.715426862,12.105773743
13_PNG,2019,6.930846709401492,18.609656921789835,2.8266730280325,12.730686889505966
13_PNG,2020,6.745718951948482,17.862851234111293,2.7492214040032996,12.27621488035007
13_PNG,2021,6.6859256074957525,17.48103037827065,2.7761766388886002,12.418782139096505
13_PNG,2022,6.714939169875552,17.691502832159276,2.8423900005297,12.785831949477458
13_PNG,2023,6.757042555070682,17.941080726575667,2.912878424437,13.17728703617801
13_PNG,2024,6.79814236431306,18.17812272660186,2.980624014302,13.553014927477099
13_PNG,2025,6.865881399827988,18.505195196703024,3.06023949529,13.996644239264
13_PNG,2026,7.090862849774642,19.396409048704868,3.2204543199,14.90151063053
13_PNG,2027,7.331132929055294,20.327967485724262,3.387932544,15.8480238542
13_PNG,2028,7.58593687124118,21.295231204468138,3.562670196,16.83616389
13_PNG,2029,7.85498099517694,22.29529886906316,3.74466316,17.86591333
13_PNG,2030,8.156875622082602,23.481767279601417,3.94119754,18.979010074999998
13_PNG,2031,8.47452372990232,24.716171081758734,4.144977505,20.133756968
13_PNG,2032,8.807794358520288,26.001281515131872,4.3559986870000005,21.330188188
13_PNG,2033,9.156638877216386,27.338804040525627,4.574256747,22.568333008
13_PNG,2034,9.534385125884903,28.77694478808412,4.807035175,23.889941367
13_PNG,2035,9.927179649461776,30.267061729179964,5.0470407569999995,25.253301847
13_PNG,2036,10.347754381089352,31.850111253878943,5.301555888,26.700115885
13_PNG,2037,10.78142498451071,33.469031594545825,5.5632892179999995,28.188594755
13_PNG,2038,11.241096939318036,35.16666299038823,5.83952233,29.760438514
13_PNG,2039,11.712726750326459,36.8901432967662,6.122966236,31.373891376
13_PNG,2040,12.209005995743185,38.67978112523029,6.420902088,33.070637954
13_PNG,2041,12.715830769529031,40.48154285622091,6.726043834,34.808920973
13_PNG,2042,13.24557180830885,42.04709230890338,7.045672678000001,36.530411449
13_PNG,2043,13.797105776638169,43.65700579042735,7.379786867,38.335050408
13_PNG,2044,14.35608158084946,45.25490378283386,7.7211059859999995,40.181064506
13_PNG,2045,14.895281897005821,46.74206530119324,8.055075245,41.984987653
13_PNG,2046,15.477713953854451,48.047986834413535,8.418095779,43.85523
13_PNG,2047,16.176943687547492,49.68327592569653,8.853831969,46.141799150000004
13_PNG,2048,16.73691581435591,50.80341183828456,9.216737546000001,48.010874904999994
13_PNG,2049,17.406436904098143,52.20873888265611,9.652368071000001,50.29600372
13_PNG,2050,17.94460640978566,53.21893082401812,10.015212062,52.163652505
13_PNG,2051,16.79078139583293,50.91090683445885,10.392452168,54.113554174
13_PNG,2052,16.826527042965914,51.04649670997265,10.784627595,56.153310621
13_PNG,2053,16.863326844942083,51.20803882199658,11.192329574,58.28253675
13_PNG,2054,16.901222119197044,51.39658830399437,11.616172745,60.504774463
13_PNG,2055,16.940255346275546,51.61324153368462,12.056796069,62.823707346
13_PNG,2056,16.980470249103004,51.85913884107387,12.514863808000001,65.243170434
13_PNG,2057,17.021911813163037,52.13546644364616,12.991066519,67.76715602
13_PNG,2058,17.064626344830163,52.443457250678556,13.486122094999999,70.399817045
13_PNG,2059,17.108661474923608,52.78439307678339,14.000776843,73.145473896
13_PNG,2060,17.154066241549117,53.1596043477831,14.535806617999999,76.008614262
13_PNG,2061,17.200891123965437,53.57047294215948,15.092017988000002,78.993902002
13_PNG,2062,17.249188070912314,54.01843332175435,15.670249444,82.10618087
13_PNG,2063,17.29901058054684,54.50497636936204,16.271372676,85.350488401
13_PNG,2064,17.350413717330184,55.03165016628537,16.896293878999998,88.732057313
13_PNG,2065,17.403454173653987,55.600064797672076,17.545955112,92.256332662
13_PNG,2066,17.45819033738338,56.21189313806897,18.221335746999998,95.928974482
13_PNG,2067,17.51468231792614,56.86887402663981,18.923453906,99.755867567
13_PNG,2068,17.572992002060033,57.57281734779709,19.65336801,103.743139779
13_PNG,2069,17.63318315926434,58.32560424101211,20.412178392999998,107.897162395
13_PNG,2070,17.69532143877575,59.12918857602871,21.20102895,112.224555072
14_PE,2017,278.5483186349175,171.86843639588315,81.1201587477639,80.9369826640915
14_PE,2018,288.40255312507753,178.5551474990344,83.81824166721799,83.85767961325767
14_PE,2019,292.0347755250778,181.9489884337181,85.370151256013,85.61773332877807
14_PE,2020,276.01710078278245,136.31876362883958,81.1466542016338,66.03531440652706
14_PE,2021,319.47451555383026,169.34209604604894,94.83518923867933,81.58756696217851
14_PE,2022,325.3926603261937,194.61952432737974,98.21064467706178,93.53109502345181
14_PE,2023,325.87278331806004,201.09832664754467,101.6373983268602,97.53697300024163
14_PE,2024,325.9085248516687,204.6216410993976,104.49845788945021,100.46087501410017
14_PE,2025,326.52022456008734,208.03165617629332,107.3948772138136,103.4245455826253
14_PE,2026,327.42285489302435,211.1427092839262,110.22051937423592,106.32635394124725
14_PE,2027,328.69277884727796,214.05586563632335,113.04616153465813,109.23194019040334
14_PE,2028,330.6499383312768,217.07328460680043,116.0601798391086,112.32362124838284
14_PE,2029,332.8454120238438,219.9111472279058,119.07419814355889,115.41353275581737
14_PE,2030,335.8318557252193,223.2789172372893,122.2765925920374,118.68327015239115
14_PE,2031,338.7596678934724,226.29711416589052,125.2906108964879,121.76428605628901
14_PE,2032,342.39175352060784,229.55329262619554,128.4930053449664,125.0262381737724
14_PE,2033,346.32179622938173,232.76055278387818,131.695399793444,128.28470926152397
14_PE,2034,350.9168256858273,236.20354017206898,135.08617038595094,131.72386337171997
14_PE,2035,355.7607889656071,239.5969042009461,138.47694097845798,135.15940312033837
14_PE,2036,360.81100884072106,242.92278123620068,141.86771157096499,138.5911491830118
14_PE,2037,365.99967435068936,246.11350402022708,145.258482163471,142.01904813408845
14_PE,2038,371.6935249899557,249.4369183015034,148.83762890000602,145.62762313904597
14_PE,2039,377.0852042438691,252.34303536334713,152.228399492513,149.04877233955926
14_PE,2040,382.9311389522993,255.36386088121566,155.80754622904794,152.65128004860222
14_PE,2041,389.2047107599458,258.48292864304454,159.57506910961098,156.4351996918276
14_PE,2042,395.49160250490604,261.4061795864356,163.342591990174,160.20334972617718
14_PE,2043,402.1504855031482,264.36483752005927,167.29849101476498,164.13428644259855
14_PE,2044,408.38128806707016,266.8710827487635,171.066013895328,167.8788411517238
14_PE,2045,414.91978714991575,269.39917971078086,175.02191291991898,171.80600611446482
14_PE,2046,421.35076298503986,271.68257230044674,178.97781194450994,175.73234427322765
14_PE,2047,428.01427361454586,273.9233414447642,183.12208711312903,179.84276935635827
14_PE,2048,434.4944371710398,275.85693721393994,187.266362281749,183.95396319522666
14_PE,2049,440.74987477991965,277.4470746733583,191.41063745036806,188.06679901820598
14_PE,2050,447.0677159983839,278.91739068307874,195.74328876301496,192.36978395004337
14_PE,2051,0.0,0.0,200.19101049158706,196.7815639525429
14_PE,2052,0.0,0.0,204.756858778769,201.30508167442352
14_PE,2053,0.0,0.0,209.44397093501104,205.94328388994842
14_PE,2054,0.0,0.0,214.25556759424808,210.69919647141745
14_PE,2055,0.0,0.0,219.19495492688304,215.5759581113706
14_PE,2056,0.0,0.0,224.26552691153893,220.576832288824
14_PE,2057,0.0,0.0,229.47076766714997,225.70521465330256
14_PE,2058,0.0,0.0,234.814253846986,230.96459684260392
14_PE,2059,0.0,0.0,240.299657096263,236.35860508518235
14_PE,2060,0.0,0.0,245.930746575025,241.89094697156338
14_PE,2061,0.0,0.0,251.71139154802702,247.56543904722648
14_PE,2062,0.0,0.0,257.645564043406,253.38598156360118
14_PE,2063,0.0,0.0,263.7373415819649,259.35652680044063
14_PE,2064,0.0,0.0,269.990909978938,265.4811291432717
14_PE,2065,0.0,0.0,276.410566220173,271.76400358761026
14_PE,2066,0.0,0.0,283.00072141469593,278.20949660009995
14_PE,2067,0.0,0.0,289.76590382570305,284.82215869745164
14_PE,2068,0.0,0.0,296.7107619820359,291.60672660161856
14_PE,2069,0.0,0.0,303.840067872314,298.56810733218504
14_PE,2070,0.0,0.0,311.15872022388106,305.7112997261336
15_RP,2017,167.22157403617624,327.68075970620856,73.6657010366,158.675306708
15_RP,2018,178.8212468449572,338.7624959298376,77.578296098,164.392403809
15_RP,2019,186.8382620428783,349.00783664976166,80.7419765927025,169.1949938119638
15_RP,2020,173.8660647154053,315.6324033644594,75.0328706940971,153.7967360477189
15_RP,2021,180.255034777581,338.05693997301165,78.7799020136771,168.61955159445301
15_RP,2022,185.08189964276391,338.91068549719944,82.3344123390616,173.931078408111
15_RP,2023,190.4576068377577,340.24614546838916,86.120992808238,179.332949742962
15_RP,2024,196.4062603558308,342.0317536161538,90.15583076599899,184.840814489791
15_RP,2025,202.93477385182067,344.1644977017862,94.45414002241,190.43503429046999
15_RP,2026,208.6634854547606,345.6469714540542,98.2936831572,195.4344421799
15_RP,2027,214.76866486462026,347.2688754240078,102.31288108800001,200.4737641813
15_RP,2028,221.22919040147184,348.9669675843135,106.511767123,205.545024518
15_RP,2029,227.87225312879562,350.62393801023194,110.801073464,210.567957041
15_RP,2030,234.60035500199177,352.71898360354567,115.09145055100001,215.47289749200002
15_RP,2031,241.80342338420192,355.0691039494317,119.561334412,220.402527137
15_RP,2032,250.79619035130588,358.3818302832618,124.92495210499999,225.866634291
15_RP,2033,258.2741676444893,360.82769420732524,129.396511602,230.54841034999998
15_RP,2034,267.53620992505614,364.1600960112606,134.76176461900002,235.724840119
15_RP,2035,275.25449889033337,366.66918659599037,139.234618388,240.172478384
15_RP,2036,284.72202723621217,369.94603982757496,144.601172561,245.080829394
15_RP,2037,294.2257705567091,372.9653046917608,149.96841824499998,249.85695334000002
15_RP,2038,303.7432843006529,375.70262679007004,155.336280222,254.508864723
15_RP,2039,314.9123777548116,378.8027482742586,161.598091271,259.5522189
15_RP,2040,324.38407393560425,380.87427841583593,166.96700217,263.964045189
15_RP,2041,335.44443294602576,383.1898468034371,173.229864361,268.747985565
15_RP,2042,346.40230642192904,385.0570057473848,179.493159291,273.403300417
15_RP,2043,357.22009662016785,386.4471803156524,185.756816807,277.936823284
15_RP,2044,367.8571051209839,387.33369408799354,192.02076994,282.354662865
15_RP,2045,378.26334886821456,387.68701434188495,198.284953728,286.662114999
15_RP,2046,388.40611947858054,387.50436126418924,204.549303439,290.864184535
15_RP,2047,399.83168039525134,387.215287298172,211.707722916,295.358588388
15_RP,2048,410.87558302600377,386.3367025036175,218.86623625500002,299.731329819
15_RP,2049,419.9207835215921,384.4860203435649,225.130644057,303.615734298
15_RP,2050,430.2845847823409,383.34429223944034,232.289032104,307.766494661
15_RP,2051,402.0596319238538,360.1316203631741,239.708505021,311.918313874
15_RP,2052,403.0829954659183,361.4475604509383,247.386504132,315.96682476
15_RP,2053,404.1261270000187,362.75034245028013,255.33766713900002,319.990019808
15_RP,2054,405.19007016731956,364.0401730378332,263.57167351699997,323.98770174
15_RP,2055,406.27590439210474,365.3172118667254,272.098554565,327.959567753
15_RP,2056,407.38474792933175,366.58126829613985,280.92870493099997,331.9042865
15_RP,2057,408.51775702078606,367.8320712597588,290.072893367,335.820282933
15_RP,2058,409.6761271354751,369.0695332732106,299.542274831,339.706604041
15_RP,2059,410.8610947864558,370.29355623534155,309.348403878,343.56226804
15_RP,2060,412.07393814052534,371.50401910204215,319.503247618,347.386270789
15_RP,2061,413.3159782546564,372.7007465548893,330.01920016800005,351.177431675
15_RP,2062,414.5885795464326,373.88345095303424,340.90909714400004,354.934262489
15_RP,2063,415.8931526841787,375.051750277551,352.186231542,358.654958566
15_RP,2064,417.23115460105043,376.20515807606523,363.864369538,362.337425349
15_RP,2065,418.6040905319877,377.34325347815343,375.95776691000003,365.979755596
15_RP,2066,420.01351572531115,378.4657042388008,388.481187108,369.580370586
15_RP,2067,421.4610353420454,379.5722136976452,401.449918315,373.137784849
15_RP,2068,422.9483086144948,380.66241266163496,414.879792436,376.650329205
15_RP,2069,424.47705043386884,381.7358965444538,428.78720631100003,380.116194864
15_RP,2070,426.04902866876705,382.7922742960865,443.189136023,383.533666668
16_RUS,2017,905.3657245153909,1752.9208485207332,2662.500828382336,1338.4380784627851
16_RUS,2018,947.4635446798295,1863.664929073808,2695.7442460786324,1375.7749808128972
16_RUS,2019,955.3826503195688,1898.3367479008348,2740.764107520298,1392.2157762976328
16_RUS,2020,803.129988020596,1375.7632543423783,2294.8541963971466,1011.3486566135149
16_RUS,2021,936.6457605669807,1773.9615961179697,2775.8100676588847,1305.2389777397193
16_RUS,2022,941.3469319133347,1911.0600930628777,2871.353988045585,1433.0829372074566
16_RUS,2023,941.0819750688777,1925.833554463533,2937.517072202429,1461.3850911105187
16_RUS,2024,941.9667883775826,1939.753824607326,3003.883524505358,1488.9925148822686
16_RUS,2025,943.3574201484604,1950.852490048333,3068.211844419925,1514.3846118699632
16_RUS,2026,945.6293317613615,1960.6758626483027,3132.508527472694,1539.0694787817731
16_RUS,2027,946.712986272083,1962.859532032338,3188.7533404499513,1557.5528744666085
16_RUS,2028,948.6513437823243,1964.2305407823258,3245.615865776034,1576.0189663345168
16_RUS,2029,953.5435280132648,1971.6013992822018,3312.0943548791265,1600.703818843699
16_RUS,2030,956.8396785803918,1976.1863138782219,3369.9063712017473,1619.1156463854793
16_RUS,2031,960.90931856465,1980.6673031151176,3427.9580412924574,1637.4808454356596
16_RUS,2032,967.9031238665925,1991.8583105025607,3495.481925012245,1662.0729276623156
16_RUS,2033,973.2323859660173,1995.6011950903055,3553.685633706681,1680.3303488593244
16_RUS,2034,979.0340377435688,1998.9606821349967,3611.7117097473847,1698.5175675089777
16_RUS,2035,987.5150176950881,2008.893913345457,3679.0145053877122,1722.9422357366489
16_RUS,2036,993.9963605237956,2011.406812578286,3736.31361502234,1740.9850120867416
16_RUS,2037,1000.6602656722345,2013.3150473037797,3792.9785777403345,1758.9468505787017
16_RUS,2038,1007.4122416849843,2014.5410740442387,3848.8495418862217,1776.8278790898817
16_RUS,2039,1014.1563520378683,2014.9842046543472,3903.7625265580728,1794.6299563418254
16_RUS,2040,1020.795234558676,2014.518316772891,3957.5494216075535,1812.3570133390742
16_RUS,2041,1027.2271981679567,2012.9917649563572,4010.0379876398965,1830.0149298669878
16_RUS,2042,1030.9915599521457,2003.7556625968928,4051.0040233095033,1841.2542923157139
16_RUS,2043,1036.67770475794,1999.549001910286,4100.315504340441,1858.7973460903147
16_RUS,2044,1041.8179243516583,1993.62944032506,4147.792338505064,1876.3071806277826
16_RUS,2045,1043.9423027761643,1979.8600583048155,4183.072576976189,1887.4381077182923
16_RUS,2046,1047.5781182979154,1969.7307662074995,4226.280119287566,1904.9291127801187
16_RUS,2047,1050.2315432903556,1957.1143995505072,4267.081598288789,1922.445820471223
16_RUS,2048,1051.7270262595887,1941.8181166485444,4305.2765580678115,1940.017192881829
16_RUS,2049,1051.8778194850852,1923.6930075497448,4340.660413466167,1957.678097231267
16_RUS,2050,1055.8933550424972,1911.2569384954088,4383.285624558956,1981.8461020079214
16_RUS,2051,1009.4925276700174,1788.1138957129697,4424.865106816774,2006.4339252686696
16_RUS,2052,1012.3475377954686,1793.2928107174873,4466.986341286413,2032.0135769679591
16_RUS,2053,1015.2440303843131,1798.5456105967735,4509.656386628621,2057.9801565042026
16_RUS,2054,1018.18252392556,1803.873996568416,4552.88239347366,2084.342403502338
16_RUS,2055,1021.1635441725489,1809.2795916596256,4596.671605619616,2111.1086855577305
16_RUS,2056,1024.1876249700979,1814.7638426298167,4641.031361246294,2138.2865148356323
16_RUS,2057,1027.2553080654027,1820.3280546883,4685.969094144982,2165.882714679191
16_RUS,2058,1030.3671423994508,1825.9734959378927,4731.492334964178,2193.90392988255
16_RUS,2059,1033.5236845516304,1831.701350323323,4777.60871247157,2222.3563942085284
16_RUS,2060,1036.725498793695,1837.512722011737,4824.325954832481,2251.245950082902
16_RUS,2061,1039.9731559214017,1843.408803872386,4871.651890904927,2280.578876926315
16_RUS,2062,1043.267235376664,1849.3906068130043,4919.594451551617,2310.360558108845
16_RUS,2063,1046.6083263781609,1855.4588177070154,4968.161670968941,2340.5947764474586
16_RUS,2064,1049.997027314547,1861.6138898227157,5017.361688033399,2371.2841547944004
16_RUS,2065,1053.4339441890265,1867.8562640579066,5067.202747665469,2402.4312451008045
16_RUS,2066,1056.9196881520656,1874.1867191909712,5117.693202211312,2434.0402602040767
16_RUS,2067,1060.4548789904466,1880.6059146434081,5168.841512842445,2466.1148173837632
16_RUS,2068,1064.0401483750668,1887.1139569974134,5220.656250973661,2498.655790033971
16_RUS,2069,1067.6761377026737,1893.710702354251,5273.1460996994165,2531.6627966471938
16_RUS,2070,1071.363495475252,1900.3961291674182,5326.319855248962,2565.1360455784484
17_SIN,2017,33.80841398639795,73.79588169203736,6.0144217859,36.111752095
17_SIN,2018,34.27435074373057,74.82487776696864,6.098527706662,37.1204255526
17_SIN,2019,34.1149200162623,74.62485487263919,6.06912958444,37.41977355136
17_SIN,2020,32.48201624863449,62.02574625804667,5.77066777927,31.2026453084
17_SIN,2021,32.54162711528184,71.53303596938679,5.893572678000001,37.2359234152
17_SIN,2022,32.07401178829413,70.14396054306454,5.9236237866,37.6291545662
17_SIN,2023,31.633238409797585,68.81370568848236,5.9544807973,38.0230226197
17_SIN,2024,31.22846196299015,67.55547207991494,5.9893329172000005,38.407065519
17_SIN,2025,30.858431827940393,66.34432608139797,6.0284982482,38.780929303
17_SIN,2026,30.64729781301728,65.23600249498931,6.102184984000001,39.196745228
17_SIN,2027,30.406609889491673,64.13721712216326,6.167806445,39.585296951
17_SIN,2028,30.197509056166094,63.07255117973036,6.241122325,39.972494587999996
17_SIN,2029,29.982399349269432,62.01565907867195,6.314454681,40.344033526000004
17_SIN,2030,29.757012400287902,60.958004035288326,6.388094576,40.699390439
17_SIN,2031,29.54846964144837,59.92024793138383,6.462394829,41.038433676000004
17_SIN,2032,29.344213278465958,58.86429418185561,6.537824679,41.361298121
17_SIN,2033,29.11781968136391,57.78746040739276,6.608547329,41.656888797
17_SIN,2034,28.882765570489155,56.64986709744028,6.688499723,41.948626104
17_SIN,2035,28.62865055982145,55.448345145840264,6.7781293499999995,42.236027899
17_SIN,2036,28.320843126184087,54.17524676536864,6.871810047,42.507468708
17_SIN,2037,27.994813849438906,52.96050599886227,6.968197451,42.760716028
17_SIN,2038,27.648206422649476,51.79537173939135,7.067392045,42.99600983
17_SIN,2039,27.299871615360207,50.68229810546923,7.174841377,43.223797881
17_SIN,2040,26.91814016414974,49.59627883860134,7.278797915,43.424442583
17_SIN,2041,26.54465660193631,48.5506949894203,7.389781698,43.617877127999996
17_SIN,2042,26.155524480522544,47.52383617424183,7.496201087,43.785372883
17_SIN,2043,25.79066296209158,46.52939008857303,7.607887357,43.946429880000004
17_SIN,2044,25.442126486898527,45.556373483453534,7.718712148,44.09265535
17_SIN,2045,25.102611991150336,44.595412213976715,7.823134025,44.216395809
17_SIN,2046,24.816444542588698,43.66608683201138,7.9355182520000005,44.344154778
17_SIN,2047,24.546168811955418,42.744904821535165,8.040804682,44.450584597
17_SIN,2048,24.317768037717034,41.84419819780935,8.14835205,44.553570574
17_SIN,2049,24.118335849528393,40.95570467613923,8.25329139,44.645352736
17_SIN,2050,23.947248891494144,40.203499321074126,8.355612258,44.727010233
17_SIN,2051,21.39170806094823,34.89312205750236,8.457074092,44.860812361
17_SIN,2052,21.42917147365764,34.91730470992769,8.545084403999999,44.926477629
17_SIN,2053,21.466396214903252,34.939546378294274,8.633571701000001,44.986898705
17_SIN,2054,21.503355475632993,34.960083866637866,8.722471309,45.042711788
17_SIN,2055,21.540024629781513,34.97914820635138,8.811720499,45.094539355
17_SIN,2056,21.5763909001868,34.99687248784866,8.901282834,45.142739058000004
17_SIN,2057,21.61244389379844,35.013373613182125,8.991126374,45.187625579
17_SIN,2058,21.648175779746843,35.028752194846504,9.081223708,45.229469711
17_SIN,2059,21.683593130942633,35.04297389729769,9.171583174,45.268175528
17_SIN,2060,21.718693766789787,35.05608831361662,9.262190992999999,45.303875858
17_SIN,2061,21.753478662934246,35.06811605203471,9.353041114,45.336624924
17_SIN,2062,21.787933375490912,35.079236843692826,9.444085752,45.366910249
17_SIN,2063,21.82206023934744,35.089464571636526,9.535320869,45.394768428
17_SIN,2064,21.85586130183901,35.09882037827101,9.626740582,45.420255762
17_SIN,2065,21.889334091988413,35.10736994792021,9.718327372000001,45.44355014
17_SIN,2066,21.922480189750193,35.115140305340645,9.81007393,45.464724307
17_SIN,2067,21.955288931452376,35.12229250829464,9.901937917,45.484216431
17_SIN,2068,21.987764427858814,35.12883250739185,9.993917717,45.502042084
17_SIN,2069,22.01990597265007,35.13481831156896,10.085998114,45.518358864
17_SIN,2070,22.05171313898608,35.1403088153593,10.178163724,45.533326926
18_CT,2017,152.67055498764225,362.5017720406051,42.28674082252661,186.56117848682996
18_CT,2018,152.9760503988935,364.084512929152,42.429758440888484,187.980434385704
18_CT,2019,156.35634376910068,369.1224878742414,43.41317526491288,191.45520869984298
18_CT,2020,156.19809854709936,367.8370229885312,43.413172415455875,191.58266989603706
18_CT,2021,162.9248453317219,361.7653129487824,44.61017082716059,195.75420691946408
18_CT,2022,168.90267901762581,352.6539660257943,45.42083508353758,198.60225735852597
18_CT,2023,174.70013223941092,344.4373903939324,46.24852156846485,201.49520736166798
18_CT,2024,180.32607604099925,337.02040157844044,47.093587537998616,204.43566849343406
18_CT,2025,185.78649456598131,330.2387763431326,47.956397767054526,207.425582429594
18_CT,2026,190.97415293596623,323.8959875190076,48.81164709977783,210.37908624949492
18_CT,2027,195.9213561929942,317.93310815469164,49.67915196373186,213.362331660677
18_CT,2028,200.31923268331548,312.11471667868113,50.48922167639528,216.13764789462297
18_CT,2029,204.28921568091485,306.55736562769766,51.269138228370146,218.795811741363
18_CT,2030,207.78468324781673,301.3053307179618,51.993686824032345,221.24962565254208
18_CT,2031,211.08527876067657,296.5192368402314,52.6950700302781,223.60767658481802
18_CT,2032,214.5053827392881,292.416594962097,53.43973159646624,226.094382520716
18_CT,2033,217.53456264635102,288.54119662231415,54.09880323641663,228.27038767960798
18_CT,2034,220.3348790081471,284.97542618525006,54.70952723593632,230.25895080133802
18_CT,2035,222.82436052521703,281.60766424690866,55.251133860555015,231.987407553178
18_CT,2036,225.26449271019476,278.5876412698693,55.78916166493968,233.67732978047908
18_CT,2037,227.7536630063454,275.68424083522655,56.36493985417166,235.468910131603
18_CT,2038,229.80441386143144,272.47662241022266,56.85940661194345,236.95812154038296
18_CT,2039,231.59467681673937,269.07059819428645,57.31699142499193,238.29558899128597
18_CT,2040,233.11222627183835,265.4294986175015,57.7353720195468,239.47364050946405
18_CT,2041,234.3278010862483,261.5138622334782,58.10757692592503,240.468851578479
18_CT,2042,235.40074278387172,257.4258984643641,58.4748186371662,241.421939833917
18_CT,2043,236.1489961712057,253.0304036561045,58.79142124727018,242.180624701571
18_CT,2044,236.6914012395769,248.41477236331673,59.08859480268704,242.85409149501297
18_CT,2045,236.9941746904932,243.56603405837367,59.35818663036524,243.41751088860997
18_CT,2046,237.19583652942822,238.59155240326604,59.637486659152955,243.99881963798202
18_CT,2047,237.1613516802411,233.42385496239055,59.89107033876348,244.47903949915803
18_CT,2048,236.96979248524826,228.14069038202342,60.140415443291836,244.932813960602
18_CT,2049,236.6322697658581,222.77900263824037,60.38864719813391,245.37275033550594
18_CT,2050,236.09859842485295,217.40340284337844,60.60666377870494,245.70188990829297
18_CT,2051,219.94743779195153,198.11116118220752,60.82555677905401,246.02706677385697
18_CT,2052,219.94790377117505,198.12029090054867,61.045327353174294,246.34946360281694
18_CT,2053,219.94848863631296,198.12938932274895,61.26597901933796,246.67045626348
18_CT,2054,219.94919245685097,198.1384954345478,61.487515309922095,246.99142364353804
18_CT,2055,219.95001530247404,198.14763899906887,61.7099397714657,247.313414837877
18_CT,2056,219.9509572435132,198.15684668003613,61.93325596472571,247.63736607112804
18_CT,2057,219.9520183505395,198.16613636169572,62.15746746473507,247.96390160474198
18_CT,2058,219.9531986946439,198.17552091709706,62.382577860858824,248.29346745643699
18_CT,2059,219.9544983474765,198.18500869346497,62.6085907568523,248.626349229635
18_CT,2060,219.95591738143887,198.1946061200694,62.83550977091868,248.96276423136203
18_CT,2061,219.957455870133,198.20432381054385,63.06333853576681,249.30307542325997
18_CT,2062,219.95911388796972,198.21417114577596,63.29208069866927,249.64760124328097
18_CT,2063,219.9608915084969,198.22413296811789,63.521739921520926,249.995801404189
18_CT,2064,219.96278880588739,198.2341901478752,63.75231988089773,250.34699897774698
18_CT,2065,219.96480585552519,198.24432765776788,63.98382426811501,250.700662691124
18_CT,2066,219.96694273505935,198.25454909050538,64.2162567892872,251.056912088741
18_CT,2067,219.96919952343987,198.26486326068093,64.44962116538663,251.41604802929405
18_CT,2068,219.97157629947392,198.27526414973914,64.68392113230361,251.777854374284
18_CT,2069,219.97407314272073,198.28574315063537,64.91916044090573,252.14202588984398
18_CT,2070,219.97669013429092,198.29630018502735,65.15534285709835,252.508554547014
19_THA,2017,471.3234831934968,721.3662189074046,237.86007962622693,458.740717825613
19_THA,2018,471.89355010195504,822.387459066924,237.8536844515629,515.0554832002878
19_THA,2019,507.0214266905624,853.4661983522503,244.00472455465504,530.3297436968062
19_THA,2020,488.162111541891,770.5934824618664,226.59518467529293,478.62474079338773
19_THA,2021,495.7385702473512,772.5352143370731,232.45158571232304,495.62225453272794
19_THA,2022,513.7020048159666,779.1912489491735,244.04807949070306,525.378761152858
19_THA,2023,530.803472902603,784.5947063756981,255.33188195579694,553.3828485976791
19_THA,2024,548.4858097962721,790.8298772019937,267.077332927031,581.535846620532
19_THA,2025,563.3409818443766,793.9857872346431,277.45520145377304,605.9087985659158
19_THA,2026,580.260951450298,799.2488249935797,289.1070219954596,631.9536364161174
19_THA,2027,597.465379445809,804.617672778333,301.0742685304982,657.7407650363496
19_THA,2028,612.5976216834397,807.6930594158239,312.0474974410892,680.5686880110134
19_THA,2029,636.781886366246,819.6619569312678,328.24226592519267,712.8997351410029
19_THA,2030,654.844167801058,825.9442738648562,341.15104240422113,737.5762220863147
19_THA,2031,673.0083744979262,832.269261943183,354.0464927195492,761.3058200310336
19_THA,2032,697.025934777783,843.6168103925841,370.19411325668466,789.809448266974
19_THA,2033,715.4034777205677,849.8526343605508,383.0601533137832,811.5738417275167
19_THA,2034,739.6084360350699,860.688880030115,399.1750385325746,837.7737411197822
19_THA,2035,763.8986751053222,871.165233878495,415.2724531377637,862.7997826002675
19_THA,2036,788.1946171854476,881.1189884685164,431.35267763642145,886.7128195190431
19_THA,2037,812.3490886747225,889.9184300943192,447.41516251006203,909.5669575823405
19_THA,2038,836.3222245643266,897.489770731227,463.4599101524237,931.4097423730132
19_THA,2039,865.6354186245167,907.2763559331944,482.74102234288574,956.5851444658324
19_THA,2040,889.0867159200719,912.006186863356,498.74835599855936,976.3753562621276
19_THA,2041,917.6733126419715,918.3860975222696,517.9884452636717,999.2598154055352
19_THA,2042,945.7804207458375,922.8901961337046,537.2066344633994,1020.9971931104249
19_THA,2043,973.3181770051276,925.455567552943,556.4029193855482,1041.6424123403742
19_THA,2044,1000.1854486226111,926.0306899195929,575.5772938118927,1061.246489306767
19_THA,2045,1026.2695067354134,924.5820837070951,594.7291965180527,1079.8569616885056
19_THA,2046,1051.4493903655132,921.1009356569075,613.8586167463305,1097.5184575132532
19_THA,2047,1080.6697007636678,917.66179025528,636.2063174536146,1117.4279555544192
19_THA,2048,1108.6281711793133,912.0394932515377,658.5273456852914,1136.2390835937135
19_THA,2049,1130.312970954238,902.5971018612204,677.5845136637818,1151.0975550866406
19_THA,2050,1155.9574790617323,894.2385331565679,699.8540773013727,1167.9988262970826
19_THA,2051,0.0,0.0,723.2384448760318,1184.5596393658088
19_THA,2052,0.0,0.0,747.3841522186514,1200.7524497642119
19_THA,2053,0.0,0.0,772.3161227299479,1216.572809362911
19_THA,2054,0.0,0.0,798.0593339821229,1232.018545800797
19_THA,2055,0.0,0.0,824.6410577266884,1247.0890638901003
19_THA,2056,0.0,0.0,852.0878491259105,1261.7833168413706
19_THA,2057,0.0,0.0,880.4283414699004,1276.102443377633
19_THA,2058,0.0,0.0,909.6916194056456,1290.0533444361795
19_THA,2059,0.0,0.0,939.9072516342708,1303.6455571237882
19_THA,2060,0.0,0.0,971.1067066796392,1316.8896647300419
19_THA,2061,0.0,0.0,1003.3220057278446,1329.7941988262482
19_THA,2062,0.0,0.0,1036.5860350223606,1342.366459437198
19_THA,2063,0.0,0.0,1070.932859426597,1354.6164077543685
19_THA,2064,0.0,0.0,1106.3980371921216,1366.5538488607988
19_THA,2065,0.0,0.0,1143.0175539820532,1378.1890540031932
19_THA,2066,0.0,0.0,1180.829522173545,1389.5321229090314
19_THA,2067,0.0,0.0,1219.872288311653,1400.5936336196426
19_THA,2068,0.0,0.0,1260.1861351139437,1411.3859625113366
19_THA,2069,0.0,0.0,1301.8124973133915,1421.922351377748
19_THA,2070,0.0,0.0,1344.7940081633578,1432.2151449542762
20_USA,2017,9227.797287839205,16011.46331707982,6572.907852950146,7878.591369030363
20_USA,2018,9234.225871902898,15943.878989437806,6619.614776257896,7965.500004177846
20_USA,2019,9259.512502597041,16047.587801737931,6657.431862825175,8043.099932410808
20_USA,2020,8187.836027158677,12338.9819757141,5931.831073698256,6161.529623500263
20_USA,2021,9229.765207918741,15046.166513248034,6679.719211708089,7541.452718657553
20_USA,2022,9284.214133747952,16170.827595590315,6725.048507907217,8160.836501601823
20_USA,2023,9250.976290055021,15908.142266267787,6768.2222707695355,8305.686967467918
20_USA,2024,9203.010433537109,15550.77197369486,6804.271369012271,8376.52486710511
20_USA,2025,9157.808923963235,15212.057837595466,6839.451903478399,8445.699214349856
20_USA,2026,9114.825466576645,14888.645825899124,6874.361320173514,8513.866620346438
20_USA,2027,9074.972325946552,14579.828810704987,6910.706098951652,8582.624358334793
20_USA,2028,9037.657740684175,14284.800000949032,6948.297058137569,8651.854282594817
20_USA,2029,9003.182196352413,14004.134000185026,6986.981838850065,8721.468181096008
20_USA,2030,8972.247606546543,13738.694029579347,7026.657616050618,8791.3813076303
20_USA,2031,8950.090657904895,13502.40337218333,7067.282880681025,8861.613998960087
20_USA,2032,8936.454202885765,13293.26029414176,7108.8784664021405,8932.09816284777
20_USA,2033,8930.882954845032,13108.718133360337,7151.502067081653,9002.56214906386
20_USA,2034,8932.824059248265,12946.041733149488,7195.216817152568,9072.622965937764
20_USA,2035,8941.705809445053,12802.728060165691,7240.081443431018,9141.9983833517
20_USA,2036,8956.919393113212,12676.736472136692,7286.151211247996,9210.610466275233
20_USA,2037,8977.273469290685,12566.26892703604,7333.485754687102,9278.542771587516
20_USA,2038,9000.591961844133,12460.717057255548,7382.123438595595,9345.851296436751
20_USA,2039,9026.225666427319,12358.406163475876,7432.0753567963875,9412.633314691624
20_USA,2040,9053.514201478169,12257.762549914514,7483.336064391036,9478.95875967104
20_USA,2041,9081.797890789612,12157.276541672012,7535.894332210641,9544.817001093394
20_USA,2042,9110.43297429164,12055.608056689447,7589.745895174773,9610.192823254714
20_USA,2043,9138.75753954758,11951.681342285614,7644.860852521211,9675.134514288127
20_USA,2044,9166.088913099862,11844.643902641434,7701.177647820785,9739.69186313412
20_USA,2045,9191.746475954167,11733.873067108034,7758.618759939929,9803.902626471046
20_USA,2046,9215.088171793757,11618.974039115337,7817.118273755295,9867.777391444111
20_USA,2047,9235.520286793582,11499.824325644213,7876.624809509468,9931.344514034823
20_USA,2048,9252.47164230727,11376.580883317132,7937.070881160276,9994.6729187946
20_USA,2049,9265.400611751029,11249.621266865164,7998.371853994929,10057.837946951657
20_USA,2050,9273.819509150384,11112.482809399633,8060.441700520092,10104.375264391207
20_USA,2051,9123.262287930253,10730.959655934259,8288.288778512037,10419.401860384543
20_USA,2052,9061.438646742585,10682.941956310951,8352.633055859023,10499.087099800217
20_USA,2053,9063.854894315347,10683.498554323933,8418.265354772891,10562.447192244155
20_USA,2054,9066.384597308246,10683.98939930251,8485.211428483886,10626.130169681242
20_USA,2055,9069.03040848268,10684.431577040066,8553.497545142585,10690.229691384046
20_USA,2056,9071.795024191715,10684.833690326115,8623.150498115447,10754.798162313715
20_USA,2057,9074.958273566368,10685.867038866083,8694.197616485959,10819.849388813513
20_USA,2058,9078.249484170383,10686.860076177538,8766.666775766305,10885.382897584825
20_USA,2059,9081.671608955847,10687.806344904078,8840.586408822572,10951.375407733238
20_USA,2060,9085.227655333263,10688.698576330047,8915.985517019002,11017.79876311755
20_USA,2061,9088.92068733375,10689.533283729226,8992.893681584359,11084.643303445479
20_USA,2062,9092.753827690793,10690.304291834926,9071.34107520639,11151.88506425714
20_USA,2063,9096.73025978835,10690.997352067401,9151.358473857426,11219.45775948188
20_USA,2064,9100.853229426037,10691.594510948342,9232.977268856577,11287.274534162192
20_USA,2065,9105.126046358304,10692.078695319482,9316.229479173648,11355.251394603714
20_USA,2066,9109.552085573529,10692.441318454257,9401.147763978206,11423.34701611038
20_USA,2067,9114.134788289213,10692.671343351738,9487.765435440062,11491.50632701007
20_USA,2068,9118.6778476188,10692.29650165713,9576.116471785836,11559.614436624714
20_USA,2069,9123.381603836178,10691.740895834531,9666.235530616132,11627.534941636608
20_USA,2070,9128.452462879759,10691.434115206443,9758.157962489153,11695.156695201027
21_VN,2017,180.80166908742265,355.98710412476987,118.848468549,383.884818952
21_VN,2018,189.22430787600186,373.7367265419402,124.71031026441301,400.282444719
21_VN,2019,200.77622510335829,393.21073485185394,131.50435055888,418.240686945
21_VN,2020,212.88034175449783,413.0667914239759,138.68473661237,436.257233351
21_VN,2021,230.76059925538294,431.2628465272508,148.14176872666002,459.040581959
21_VN,2022,247.91232364509602,446.3471017912143,156.34962811919002,477.48440914
21_VN,2023,265.3463716775542,461.39205012518534,164.9882847658,495.904813274
21_VN,2024,283.047590568559,475.9623608678833,174.0500698966,513.904974576
21_VN,2025,301.2445538951229,490.4668563392547,183.668711778,532.0782875479999
21_VN,2026,319.7720239656051,504.5505766439582,193.7559799,550.174427802
21_VN,2027,338.58774575419454,518.0248843754528,204.306721135,568.134284029
21_VN,2028,357.682504761567,530.8517379070101,215.34320812200002,585.961248944
21_VN,2029,377.0187921634693,543.0849858621257,226.86975563799996,603.6236784380001
21_VN,2030,396.71059778693893,555.7490379384924,238.94445452730002,621.180164269
21_VN,2031,416.9112387028718,568.3315137489332,251.5349087451,638.535933531
21_VN,2032,437.648550819293,580.873707317509,264.643711919,655.67197132
21_VN,2033,458.9276334696543,593.3691037676778,278.266501676,672.565027845
21_VN,2034,480.70420186751073,605.7610848888442,292.376796189,689.166983997
21_VN,2035,503.0622296648108,618.0733917428661,307.027770159,705.536249381
21_VN,2036,525.9344244913051,630.1489838258235,322.20320007500004,721.637503432
21_VN,2037,549.2014685070321,641.2597379408537,337.87550245600005,737.18254399
21_VN,2038,572.8233681694074,651.4065159187086,354.02841156,752.253540721
21_VN,2039,596.7390933342949,660.5683309979601,370.63388346,766.917069427
21_VN,2040,620.7051276579544,668.5434233481906,387.548310756,781.019041832
21_VN,2041,644.9307254972055,675.3981083044598,404.911284932,794.737604878
21_VN,2042,669.3620338110314,681.0265176191273,422.70046393300004,808.038315045
21_VN,2043,693.8609874600725,685.3057566187266,440.840421327,820.856049031
21_VN,2044,718.4186407004934,688.1858377916228,459.340427127,833.208725328
21_VN,2045,742.7405236357404,689.5020531213675,478.024685746,844.935845193
21_VN,2046,766.9496330771964,689.3107823233261,496.99461404299996,856.1565062459999
21_VN,2047,790.9834915023142,687.6004147332261,516.235443851,866.864279269
21_VN,2048,814.829935774145,684.4109267257235,535.772483346,877.091121916
21_VN,2049,838.4365428300302,679.8006694598747,555.611148663,886.855919617
21_VN,2050,861.7128335744957,675.0130697922035,574.510708883,897.1449790869999
21_VN,2051,0.0,0.0,593.55275434,907.174031851
21_VN,2052,0.0,0.0,614.5396624709999,920.505425265
21_VN,2053,0.0,0.0,635.8027063530001,932.5004407389999
21_VN,2054,0.0,0.0,657.4103438129999,944.770921159
21_VN,2055,0.0,0.0,679.2639231600001,957.266984777
21_VN,2056,0.0,0.0,699.401233302,966.615003794
21_VN,2057,0.0,0.0,719.53855991,977.495593394
21_VN,2058,0.0,0.0,739.675752614,988.3682976709999
21_VN,2059,0.0,0.0,759.81595667,999.2331018699999
21_VN,2060,0.0,0.0,779.952968432,1010.090002513
21_VN,2061,0.0,0.0,800.094160113,1020.938987849
21_VN,2062,0.0,0.0,820.2309448799999,1031.780059497
21_VN,2063,0.0,0.0,840.3716526840001,1042.613205595
21_VN,2064,0.0,0.0,860.5081766430001,1053.438432253
21_VN,2065,0.0,0.0,880.6478324709999,1064.255726377
21_VN,2066,0.0,0.0,900.784069723,1075.0650981219999
21_VN,2067,0.0,0.0,920.922625604,1085.8665324
21_VN,2068,0.0,0.0,941.0585561349999,1096.6600431059999
21_VN,2069,0.0,0.0,961.196136477,1107.4456129139999
21_VN,2070,0.0,0.0,981.3317440139999,1118.223258662
