Economy,Year,Residential,GDP per capita
01_AUS,2017,463.4633427867839,48939.71417995943
01_AUS,2018,465.81060807934784,49744.30307722746
01_AUS,2019,473.7071237230832,50026.782778984016
01_AUS,2020,452.3338723779292,46131.9433588345
01_AUS,2021,456.8436089079126,48398.7306672621
01_AUS,2022,453.37757253535443,49152.325295932955
01_AUS,2023,453.3129056779704,49908.61147238403
01_AUS,2024,449.50430230331574,50685.44439354664
01_AUS,2025,448.9648001419498,51487.64605033461
01_AUS,2026,444.9641203361118,52315.51595341352
01_AUS,2027,444.08936579632694,53164.985096202785
01_AUS,2028,443.03292070267287,54037.97725505298
01_AUS,2029,441.80875319867926,54937.75434816575
01_AUS,2030,440.4267602420869,55867.758897605825
01_AUS,2031,438.8736766241956,56830.2426635192
01_AUS,2032,439.93209016345173,57833.05427163359
01_AUS,2033,438.1441426984614,58878.80729306597
01_AUS,2034,438.8959322907616,59969.66531669444
01_AUS,2035,439.51698231738635,61107.06771411168
01_AUS,2036,440.02992945106763,62291.91564775744
01_AUS,2037,440.4329891198837,63517.16270384049
01_AUS,2038,440.7320272004521,64781.0830152787
01_AUS,2039,443.16570248556656,66081.43393791695
01_AUS,2040,445.37305581569564,67416.49284776018
01_AUS,2041,445.3400228739691,68785.86684040836
01_AUS,2042,447.2809748958482,70197.20784138456
01_AUS,2043,451.061435602418,71651.11805222151
01_AUS,2044,452.5672948892153,73148.35399771477
01_AUS,2045,455.8406928555918,74689.64957926159
01_AUS,2046,458.8644196912761,76275.40106782723
01_AUS,2047,461.6515587481617,77896.99537809043
01_AUS,2048,464.2134645404006,79553.03848671482
01_AUS,2049,466.56144703495056,81242.36688841014
01_AUS,2050,470.4431881423704,82964.75782328674
01_AUS,2051,0.0,
01_AUS,2052,0.0,
01_AUS,2053,0.0,
01_AUS,2054,0.0,
01_AUS,2055,0.0,
01_AUS,2056,0.0,
01_AUS,2057,0.0,
01_AUS,2058,0.0,
01_AUS,2059,0.0,
01_AUS,2060,0.0,
01_AUS,2061,0.0,
01_AUS,2062,0.0,
01_AUS,2063,0.0,
01_AUS,2064,0.0,
01_AUS,2065,0.0,
01_AUS,2066,0.0,
01_AUS,2067,0.0,
01_AUS,2068,0.0,
01_AUS,2069,0.0,
01_AUS,2070,0.0,
02_BD,2017,6.149435194392508,60994.53155632738
02_BD,2018,6.636732376593139,60389.18464725895
02_BD,2019,6.736462936108895,62116.479006253
02_BD,2020,6.825357327446541,62321.76923910369
02_BD,2021,6.907684758915876,63911.516225442094
02_BD,2022,6.987817748880616,65153.85172587349
02_BD,2023,7.061605566107779,66100.08976360991
02_BD,2024,7.131642827293616,66756.34085066359
02_BD,2025,7.19727802400201,67429.28291084217
02_BD,2026,7.258837044961515,67820.71073098038
02_BD,2027,7.31684340422996,68230.7658180698
02_BD,2028,7.370540404845277,68370.90709150657
02_BD,2029,7.4217743869252715,68818.23238464403
02_BD,2030,7.4684695013532405,69001.13008058291
02_BD,2031,7.509772561873014,68922.90087269706
02_BD,2032,7.548801069617937,69148.71658660148
02_BD,2033,7.583359535822043,69117.18768237797
02_BD,2034,7.614604624047818,69109.117536397
02_BD,2035,7.643951183315544,69398.21315728089
02_BD,2036,7.668185048861859,69154.19794602714
02_BD,2037,7.690253546932147,69209.36515356092
02_BD,2038,7.709441655916855,69284.25876179099
02_BD,2039,7.7255975590060695,69380.19571965224
02_BD,2040,7.739182431158687,69493.83284591697
02_BD,2041,7.748170053116584,69627.55360865967
02_BD,2042,7.753608417318864,69505.65593543343
02_BD,2043,7.75683741268376,69676.69238988162
02_BD,2044,7.757181001373816,69866.25702691432
02_BD,2045,7.754291023806365,70076.85840552089
02_BD,2046,7.747542166789204,70035.32514095267
02_BD,2047,7.738772547372927,70285.23820502813
02_BD,2048,7.726125276620754,70284.81035827649
02_BD,2049,7.711462924917994,70575.94263473875
02_BD,2050,7.6935074292813095,70890.69777538603
02_BD,2051,0.0,
02_BD,2052,0.0,
02_BD,2053,0.0,
02_BD,2054,0.0,
02_BD,2055,0.0,
02_BD,2056,0.0,
02_BD,2057,0.0,
02_BD,2058,0.0,
02_BD,2059,0.0,
02_BD,2060,0.0,
02_BD,2061,0.0,
02_BD,2062,0.0,
02_BD,2063,0.0,
02_BD,2064,0.0,
02_BD,2065,0.0,
02_BD,2066,0.0,
02_BD,2067,0.0,
02_BD,2068,0.0,
02_BD,2069,0.0,
02_BD,2070,0.0,
03_CDA,2017,1472.7853695386484,48303.0186765861
03_CDA,2018,1551.8910395209346,48764.663580353954
03_CDA,2019,1585.1022806493952,49099.2845970347
03_CDA,2020,1519.5023911358903,45651.0786948099
03_CDA,2021,1535.1298614684706,47161.36991408644
03_CDA,2022,1553.4723855878533,47488.36975744663
03_CDA,2023,1566.1628218898072,47843.3708547897
03_CDA,2024,1573.3084191095104,48227.225296272074
03_CDA,2025,1580.4217189035114,48637.565389602154
03_CDA,2026,1590.1965062859895,49070.129400473714
03_CDA,2027,1597.2964732227342,49529.159642011175
03_CDA,2028,1607.1605551916502,50014.68716217161
03_CDA,2029,1617.0161200950267,50527.557041087355
03_CDA,2030,1624.2655180178085,51068.74391265035
03_CDA,2031,1633.9660484516196,51638.714335539145
03_CDA,2032,1643.6079536055695,52232.31301493502
03_CDA,2033,1654.6584595491152,52850.5065466539
03_CDA,2034,1660.947277234684,53494.052674108156
03_CDA,2035,1666.1756948256052,54163.32876850661
03_CDA,2036,1673.9479151728524,54858.2526537327
03_CDA,2037,1681.6681841710756,55578.382764948794
03_CDA,2038,1686.8589041540529,56323.039579319564
03_CDA,2039,1694.4888423272682,57091.278752368016
03_CDA,2040,1702.0615694378791,57882.32623868272
03_CDA,2041,1709.7257375198162,58695.95641291102
03_CDA,2042,1717.349525978152,59531.93443076388
03_CDA,2043,1727.338519045336,60388.7784446837
03_CDA,2044,1734.8587289876696,61264.46328362707
03_CDA,2045,1744.7077931359522,62157.261799615764
03_CDA,2046,1752.0910222164664,63066.25895411821
03_CDA,2047,1761.7572687702705,63991.19846246055
03_CDA,2048,1771.3237046079466,64931.88341339276
03_CDA,2049,1782.1133619106265,65888.31096610379
03_CDA,2050,1793.7876158369143,66860.8351649723
03_CDA,2051,1804.3453085332867,
03_CDA,2052,1814.8196402010512,
03_CDA,2053,1827.4938670052986,
03_CDA,2054,1837.7594278786535,
03_CDA,2055,1850.1818197476537,
03_CDA,2056,1862.464438062658,
03_CDA,2057,1872.3524278318816,
03_CDA,2058,1884.3521387647584,
03_CDA,2059,1898.4243752642515,
03_CDA,2060,1910.0898178004286,
03_CDA,2061,1921.587479685518,
03_CDA,2062,1935.1214409399513,
03_CDA,2063,1948.4800151668942,
03_CDA,2064,1961.6776715565843,
03_CDA,2065,1974.7275953580447,
03_CDA,2066,1987.6347627626951,
03_CDA,2067,2000.4039239572076,
03_CDA,2068,2015.1870394403104,
03_CDA,2069,2027.7123696250576,
03_CDA,2070,2042.2606969222245,
04_CHL,2017,202.35483025768735,23723.810206508508
04_CHL,2018,205.99915216884307,24337.692599430426
04_CHL,2019,204.78410985219818,24316.05662842919
04_CHL,2020,193.3982262571501,23022.40011349494
04_CHL,2021,198.51884700292376,24121.259317334694
04_CHL,2022,201.4680589119865,24682.775669925733
04_CHL,2023,204.3121920232119,25284.696992128098
04_CHL,2024,207.09724799372862,25898.4216874244
04_CHL,2025,209.5183532603852,26501.051501572558
04_CHL,2026,211.85513360925992,27083.267555843973
04_CHL,2027,213.78725789657528,27651.81882508594
04_CHL,2028,215.89649716831175,28205.10523819492
04_CHL,2029,217.84371732811408,28745.488901644825
04_CHL,2030,219.60583839229383,29275.46158114544
04_CHL,2031,221.18044801467093,29791.570837696032
04_CHL,2032,222.89589884749552,30290.13834321898
04_CHL,2033,224.21369807603153,30779.722089789495
04_CHL,2034,225.50091652909808,31272.509945531838
04_CHL,2035,227.0921522610938,31778.126552173035
04_CHL,2036,228.71732444579814,32300.646221438215
04_CHL,2037,230.10109931970493,32839.55565421899
04_CHL,2038,231.78841090392808,33394.166986803255
04_CHL,2039,233.47615971365016,33961.4786580526
04_CHL,2040,235.14342731029535,34539.13073116919
04_CHL,2041,237.10815773245818,35127.458780227535
04_CHL,2042,239.09953450839396,35731.12157003056
04_CHL,2043,241.35953854803128,36350.23500687122
04_CHL,2044,243.35580550899184,36984.980163397246
04_CHL,2045,245.61382329292954,37635.549351335314
04_CHL,2046,247.87203308473678,38302.427761755214
04_CHL,2047,250.12825997248746,38982.83982162511
04_CHL,2048,252.3816248300803,39676.73433952538
04_CHL,2049,254.88362657424145,40383.84116344765
04_CHL,2050,257.1116567980848,41103.90904280944
04_CHL,2051,259.26517759830426,
04_CHL,2052,261.654573829077,
04_CHL,2053,264.02493544080744,
04_CHL,2054,266.621400684025,
04_CHL,2055,269.192200675376,
04_CHL,2056,271.73611102003605,
04_CHL,2057,274.2523624633637,
04_CHL,2058,276.73983036425443,
04_CHL,2059,279.4381230401294,
04_CHL,2060,282.1030476390335,
04_CHL,2061,283.77990369592334,
04_CHL,2062,287.0934721554534,
04_CHL,2063,290.36716620359164,
04_CHL,2064,293.6032359236038,
04_CHL,2065,296.80364093858645,
04_CHL,2066,299.9689769052584,
04_CHL,2067,303.0995065390044,
04_CHL,2068,306.1972552981067,
04_CHL,2069,309.26412719344404,
04_CHL,2070,312.30195233311974,
05_PRC,2017,10268.91359856399,13805.125246241789
05_PRC,2018,10568.349043776805,14643.424291236934
05_PRC,2019,11300.822088833133,15470.183701777349
05_PRC,2020,11501.773536886723,15595.565274876575
05_PRC,2021,12275.9858353096,16972.666402978313
05_PRC,2022,12822.504951616884,17708.827212368768
05_PRC,2023,13400.750295409624,18438.57429283742
05_PRC,2024,13997.288828561388,19166.782975963695
05_PRC,2025,14597.303039249351,19895.489645700185
05_PRC,2026,14858.999227251132,20622.69189014873
05_PRC,2027,15099.442029965978,21347.69826933569
05_PRC,2028,15332.480507270526,22069.869417626836
05_PRC,2029,15544.428596550108,22788.614726744996
05_PRC,2030,15748.386876747796,23503.33819923875
05_PRC,2031,15932.640768314399,24213.37779221577
05_PRC,2032,16102.221989525866,24916.56690466394
05_PRC,2033,16250.199600916816,25611.566349433524
05_PRC,2034,16389.589873613273,26296.696495637592
05_PRC,2035,16507.45349748957,26970.39531572932
05_PRC,2036,16609.518515985055,27631.656455800094
05_PRC,2037,16691.874786031236,28281.94164930609
05_PRC,2038,16760.977442477215,28921.641595250458
05_PRC,2039,16817.519937126006,29551.526824396562
05_PRC,2040,16862.136451878563,30172.769263894224
05_PRC,2041,16892.357644348842,30786.9062420682
05_PRC,2042,16913.363393670916,31394.18048224632
05_PRC,2043,16925.293869504832,31996.970848200937
05_PRC,2044,16929.220889779877,32597.92142270596
05_PRC,2045,16926.24452273302,33199.81549619132
05_PRC,2046,16912.3121844451,33805.53435212099
05_PRC,2047,16899.796816704285,34420.582726978675
05_PRC,2048,16879.734815988646,35048.458458227404
05_PRC,2049,16863.255247758407,35692.373932239
05_PRC,2050,16846.120614181043,36354.99939220611
05_PRC,2051,16846.70326485497,
05_PRC,2052,16851.93392505207,
05_PRC,2053,16856.95400852713,
05_PRC,2054,16861.799038356556,
05_PRC,2055,16871.103239259875,
05_PRC,2056,16875.635091497265,
05_PRC,2057,16880.07786784557,
05_PRC,2058,16888.900369188592,
05_PRC,2059,16897.595131629518,
05_PRC,2060,16906.19518009135,
05_PRC,2061,16914.723901471403,
05_PRC,2062,16923.201478770265,
05_PRC,2063,16931.65196205541,
05_PRC,2064,16940.09827603883,
05_PRC,2065,16952.627963241208,
05_PRC,2066,16961.07094828843,
05_PRC,2067,16973.525867109725,
05_PRC,2068,16985.93276559545,
05_PRC,2069,16998.296835671506,
05_PRC,2070,17010.62365010473,
06_HKC,2017,57.35182484474388,60627.26926690158
06_HKC,2018,58.371248014136235,61893.45977368902
06_HKC,2019,58.78164562006541,60620.91069693816
06_HKC,2020,58.493788082699496,57242.83567920757
06_HKC,2021,59.004977597694136,59035.80889309091
06_HKC,2022,59.478361642799314,60080.17862019335
06_HKC,2023,59.90011781033888,61129.56346303014
06_HKC,2024,60.30655273136363,62160.31111674717
06_HKC,2025,60.76663024862277,63298.46439533077
06_HKC,2026,61.19989372943353,64253.328995664044
06_HKC,2027,61.66330456836974,65318.95538384058
06_HKC,2028,62.115610516174335,66378.83130421996
06_HKC,2029,62.52467937119692,67469.16801846038
06_HKC,2030,62.88536980053037,68754.10433377053
06_HKC,2031,63.142040261119625,69971.06069798392
06_HKC,2032,63.35088337061651,71388.91461736332
06_HKC,2033,63.50577370869692,72859.85007823195
06_HKC,2034,63.62629307957808,74363.89456123204
06_HKC,2035,63.7447735786525,76020.89094866675
06_HKC,2036,63.824698384452205,77556.82164695687
06_HKC,2037,63.903154088038576,79247.31920727158
06_HKC,2038,63.979990634382595,80958.61145505396
06_HKC,2039,64.01888525452563,82694.12210598882
06_HKC,2040,64.03686047457424,84456.19253925176
06_HKC,2041,64.05764722339758,86379.17879981751
06_HKC,2042,64.04533628359789,88190.79701820924
06_HKC,2043,64.03544331930098,90160.51773653142
06_HKC,2044,64.02949155183835,92151.97124119668
06_HKC,2045,63.97813768849723,94028.91631059466
06_HKC,2046,63.96577491395395,96332.67586218702
06_HKC,2047,63.943464444872625,98520.05292204746
06_HKC,2048,63.913523578226126,100859.82053560257
06_HKC,2049,63.8784521734671,103212.9184434795
06_HKC,2050,63.856837122537556,105575.86117961838
06_HKC,2051,63.85855170851006,
06_HKC,2052,63.859449820988985,
06_HKC,2053,63.86036539327726,
06_HKC,2054,63.877483647165214,
06_HKC,2055,63.89505408971977,
06_HKC,2056,63.929433305943704,
06_HKC,2057,63.964785588613815,
06_HKC,2058,64.01632615570819,
06_HKC,2059,63.99029515571113,
06_HKC,2060,64.1803840877879,
06_HKC,2061,64.21469198506685,
06_HKC,2062,64.24789850521763,
06_HKC,2063,64.27923239794991,
06_HKC,2064,64.45898912399123,
06_HKC,2065,64.48237269622744,
06_HKC,2066,64.50149112130883,
06_HKC,2067,64.6655951422368,
06_HKC,2068,64.82280032230973,
06_HKC,2069,64.8241140089285,
06_HKC,2070,64.96533926137464,
07_INA,2017,1077.8181564108831,10933.528973680992
07_INA,2018,1119.7528005600388,11369.21236164196
07_INA,2019,1146.7371145952789,11807.322994967437
07_INA,2020,1113.286713629481,11740.632439443063
07_INA,2021,1160.978493071266,12572.903899706931
07_INA,2022,1206.0077768910014,13022.177335463453
07_INA,2023,1251.2711719562014,13477.354834663032
07_INA,2024,1300.081343662369,13941.920946902164
07_INA,2025,1352.9274199243987,14418.286300591633
07_INA,2026,1392.6887057779543,14906.872414341895
07_INA,2027,1434.3539675739596,15407.55021614197
07_INA,2028,1477.6886020322233,15920.890250972176
07_INA,2029,1522.543448759594,16447.287343634896
07_INA,2030,1567.6770894197246,16986.45804299488
07_INA,2031,1616.3393399513207,17538.34060094691
07_INA,2032,1666.565896558861,18104.50131866828
07_INA,2033,1718.2261259267686,18685.324110443587
07_INA,2034,1771.2281454286774,19281.299074626404
07_INA,2035,1825.5088164643057,19892.950165298724
07_INA,2036,1880.8835768755473,20520.315095520957
07_INA,2037,1937.338472716352,21163.122045774802
07_INA,2038,1994.833225527314,21822.239347373627
07_INA,2039,2053.2711842861627,22497.51387910722
07_INA,2040,2112.550481388676,23188.715562489186
07_INA,2041,2172.266244368711,23895.876125123916
07_INA,2042,2232.556071959608,24618.990868714303
07_INA,2043,2293.3553945858234,25358.187067832147
07_INA,2044,2354.5712378835337,26113.111616778337
07_INA,2045,2415.9295613785634,26881.698522115166
07_INA,2046,2477.1474972815718,27661.874166873764
07_INA,2047,2538.067719852878,28452.95950328014
07_INA,2048,2598.590538532868,29254.917597594926
07_INA,2049,2658.6224444168265,30067.719594957045
07_INA,2050,2718.0582165258224,30891.26203757165
07_INA,2051,2771.598858622255,
07_INA,2052,2826.381630333635,
07_INA,2053,2882.422981306747,
07_INA,2054,2939.7376326259478,
07_INA,2055,2998.3410026575725,
07_INA,2056,3058.2522175386584,
07_INA,2057,3119.490053427757,
07_INA,2058,3182.068684435705,
07_INA,2059,3246.0000656044976,
07_INA,2060,3311.2974778312437,
07_INA,2061,3377.976577129688,
07_INA,2062,3446.0554275309582,
07_INA,2063,3515.551093958182,
07_INA,2064,3586.481243162579,
07_INA,2065,3658.8632560535875,
07_INA,2066,3732.7154525696074,
07_INA,2067,3808.05415867808,
07_INA,2068,3884.892293680356,
07_INA,2069,3963.240320437581,
07_INA,2070,4043.1114150627445,
08_JPN,2017,1844.6655081225667,40571.422653668
08_JPN,2018,1753.2128344765706,40987.92347813642
08_JPN,2019,1734.669641721573,41386.07544493616
08_JPN,2020,1777.1539251428703,39353.07004170958
08_JPN,2021,1735.8443982769595,40670.540609758464
08_JPN,2022,1702.7539472093456,41066.63375348842
08_JPN,2023,1681.8634327899317,41525.41135057717
08_JPN,2024,1661.4121844854085,42059.79695515759
08_JPN,2025,1647.13242870447,42665.70592075549
08_JPN,2026,1627.4259944299577,43335.82853172596
08_JPN,2027,1608.1020946253143,44058.91316995237
08_JPN,2028,1587.2598571499695,44827.43669903446
08_JPN,2029,1566.76644161577,45634.22958335892
08_JPN,2030,1546.5784181837332,46473.17613308615
08_JPN,2031,1526.7787760062129,47339.04848165345
08_JPN,2032,1505.4422722480942,48231.46655616597
08_JPN,2033,1486.306760831882,49146.71024427775
08_JPN,2034,1465.6698256737063,50082.80881299341
08_JPN,2035,1447.1738263669304,51039.37738410827
08_JPN,2036,1426.993351935801,52017.043930623855
08_JPN,2037,1407.172817497547,53010.8566858373
08_JPN,2038,1387.692566856393,54020.65711414822
08_JPN,2039,1370.3255512249734,55046.30805056761
08_JPN,2040,1351.430992106697,56088.17621486724
08_JPN,2041,1333.142439403247,57147.08734461656
08_JPN,2042,1315.329647027547,58222.71185436742
08_JPN,2043,1297.8046766802,59313.0002936643
08_JPN,2044,1282.3174826420177,60415.32876743507
08_JPN,2045,1265.3082532509673,61528.36587447993
08_JPN,2046,1248.5056818361888,62653.63013804775
08_JPN,2047,1231.8944637702302,63788.446048550264
08_JPN,2048,1217.2159851408205,64938.4190144572
08_JPN,2049,1200.9461173889983,66111.77181162675
08_JPN,2050,1184.77555651652,67318.32675734325
08_JPN,2051,1169.6230810957084,
08_JPN,2052,1152.8175608337917,
08_JPN,2053,1137.8448252838887,
08_JPN,2054,1121.2113541432504,
08_JPN,2055,1106.397314238398,
08_JPN,2056,1089.9157067456222,
08_JPN,2057,1075.2416541047298,
08_JPN,2058,1058.8939627011812,
08_JPN,2059,1042.6076825017342,
08_JPN,2060,1026.3789919290564,
08_JPN,2061,1010.2042895539714,
08_JPN,2062,992.3475304215765,
08_JPN,2063,976.2716829752129,
08_JPN,2064,960.2401665434776,
08_JPN,2065,942.5199301606491,
08_JPN,2066,926.5694456623248,
08_JPN,2067,908.9263899436885,
08_JPN,2068,891.3184786998618,
08_JPN,2069,873.7433590966601,
08_JPN,2070,856.1988162981837,
09_ROK,2017,860.349056467729,38849.9808006099
09_ROK,2018,866.7358295375885,39827.931685912925
09_ROK,2019,866.7741186121484,40581.96592441207
09_ROK,2020,865.083637112606,40060.68012657038
09_ROK,2021,872.0409493348327,41393.67678890032
09_ROK,2022,878.3766098524292,42663.410619052775
09_ROK,2023,882.3303566404004,43879.67015232518
09_ROK,2024,886.0536474047651,45065.88209467128
09_ROK,2025,889.2095481898111,46243.22248235439
09_ROK,2026,892.0851971221479,47416.85026613146
09_ROK,2027,894.7266905876002,48583.63357512516
09_ROK,2028,896.0217795866182,49743.75251263411
09_ROK,2029,898.1948541315485,50896.70095173095
09_ROK,2030,899.0239663293244,52042.31533991306
09_ROK,2031,902.5124585660407,53180.743120943
09_ROK,2032,901.8386287096857,54314.189944226564
09_ROK,2033,903.8283029431068,55447.464382934224
09_ROK,2034,906.6278523862459,56586.373037510755
09_ROK,2035,907.9779659193866,57735.72557199511
09_ROK,2036,908.9091545466807,58899.03835499438
09_ROK,2037,909.4878502757819,60071.63214204056
09_ROK,2038,908.6382793452864,61253.898781898664
09_ROK,2039,908.5710258226993,62444.56879580184
09_ROK,2040,908.1853545769079,63643.10283554885
09_ROK,2041,906.681699367946,64851.27043053086
09_ROK,2042,906.0834356684961,66071.4919062671
09_ROK,2043,904.1454443645758,67306.62319889746
09_ROK,2044,901.9428090945019,68560.98553988332
09_ROK,2045,899.4870895744909,69840.32640915354
09_ROK,2046,896.775068817332,71150.67398371344
09_ROK,2047,894.8289162677397,72505.24326064788
09_ROK,2048,891.5429817957502,73910.38953300247
09_ROK,2049,887.9928955605691,75372.67538681616
09_ROK,2050,885.1370324965742,76897.96460938694
09_ROK,2051,881.4704620441753,
09_ROK,2052,878.6125220178161,
09_ROK,2053,874.4493317781568,
09_ROK,2054,871.1498692275211,
09_ROK,2055,867.6754809335634,
09_ROK,2056,862.9742256992743,
09_ROK,2057,859.2081447551395,
09_ROK,2058,855.3543892223845,
09_ROK,2059,851.4668951078543,
09_ROK,2060,847.5902468733389,
09_ROK,2061,843.7508547047258,
09_ROK,2062,839.9623532279891,
09_ROK,2063,836.2422101263843,
09_ROK,2064,833.6734102343805,
09_ROK,2065,830.1279034829743,
09_ROK,2066,826.6907330919582,
09_ROK,2067,824.4423171870526,
09_ROK,2068,821.2433138876752,
09_ROK,2069,819.2263017216046,
09_ROK,2070,817.3185428639625,
10_MAS,2017,138.8006650308365,26648.64921275825
10_MAS,2018,138.39255318990948,27537.40062037251
10_MAS,2019,151.31574442981307,28342.368043167327
10_MAS,2020,164.24011809147862,27502.27640751155
10_MAS,2021,175.95347849885192,29602.310435639432
10_MAS,2022,184.62335948565266,30525.93149731026
10_MAS,2023,193.693014789187,31521.11209700605
10_MAS,2024,202.7973431367272,32500.769954142408
10_MAS,2025,210.10074134180397,33552.92424475879
10_MAS,2026,217.17039881964422,34634.55542072722
10_MAS,2027,224.38021650241242,35746.0702861539
10_MAS,2028,231.72351605247925,36887.73139300013
10_MAS,2029,239.19605697677267,38059.57056282685
10_MAS,2030,246.9890130335594,39302.47041490479
10_MAS,2031,255.7602350131056,40777.16791645742
10_MAS,2032,263.3922596656798,42038.92494096722
10_MAS,2033,270.9108805993172,43293.11519153026
10_MAS,2034,278.30890259705916,44541.51782764646
10_MAS,2035,287.6189671838074,46176.978826895785
10_MAS,2036,296.77015787875536,47804.09076068189
10_MAS,2037,303.75642039358087,49037.92540392013
10_MAS,2038,312.632401178089,50653.65455009217
10_MAS,2039,321.3680403948527,52262.613228046896
10_MAS,2040,329.96419201811864,53864.86336206155
10_MAS,2041,340.4739870270782,55838.3334476135
10_MAS,2042,348.8842597766174,57427.261355209426
10_MAS,2043,357.1964040446836,59011.096850464724
10_MAS,2044,367.37997379260463,60961.495163780884
10_MAS,2045,375.497941088483,62533.34961878236
10_MAS,2046,385.45091805682966,64468.89612983088
10_MAS,2047,395.2699635560223,66397.12793656369
10_MAS,2048,404.95573821147843,68318.58211103664
10_MAS,2049,414.5086862805329,70233.87474613379
10_MAS,2050,422.0159228045065,71781.17551297274
10_MAS,2051,428.56814521756024,
10_MAS,2052,435.20326655754377,
10_MAS,2053,441.91875216834296,
10_MAS,2054,448.710550250694,
10_MAS,2055,455.5750552678538,
10_MAS,2056,462.5107904111641,
10_MAS,2057,469.5166544024326,
10_MAS,2058,476.5893968460788,
10_MAS,2059,483.72486094894055,
10_MAS,2060,490.91930600323144,
10_MAS,2061,498.17124353620136,
10_MAS,2062,505.47900240694486,
10_MAS,2063,512.8399150979873,
10_MAS,2064,520.2513502457784,
10_MAS,2065,527.711017242137,
10_MAS,2066,535.2179497577483,
10_MAS,2067,542.772534404144,
10_MAS,2068,550.3761147971355,
10_MAS,2069,558.0311360508986,
10_MAS,2070,565.7404452771084,
11_MEX,2017,771.7072173424162,19795.868177716442
11_MEX,2018,789.7531803125432,19992.23109056563
11_MEX,2019,796.9202602873711,19755.45357109936
11_MEX,2020,772.1149989746631,18257.36102082657
11_MEX,2021,784.9802100746577,18613.155629452343
11_MEX,2022,785.5629561843758,18911.442313611202
11_MEX,2023,786.4183726903271,19238.71051780342
11_MEX,2024,787.8620242139555,19583.557585513114
11_MEX,2025,790.0457172985125,19944.281350912624
11_MEX,2026,790.3253843678556,20319.548503471557
11_MEX,2027,791.3847606175785,20709.605013173674
11_MEX,2028,793.2082677583921,21113.806508155638
11_MEX,2029,795.7895179182253,21531.55111012719
11_MEX,2030,799.1164162857551,21962.43235015735
11_MEX,2031,802.870142312556,22406.250829277546
11_MEX,2032,807.3203438354868,22861.95014777047
11_MEX,2033,812.4748381982688,23329.835585094406
11_MEX,2034,818.317395594275,23810.357340759874
11_MEX,2035,824.8390327372481,24303.828474346912
11_MEX,2036,832.0218414760546,24810.222938311104
11_MEX,2037,839.8716447424317,25329.235870566776
11_MEX,2038,848.3656363023099,25860.355448402745
11_MEX,2039,857.4762102744985,26402.86171740593
11_MEX,2040,867.1594235328264,26955.942608457
11_MEX,2041,877.5251160919137,27518.91358400416
11_MEX,2042,888.4544428065196,28090.978537654042
11_MEX,2043,899.8807923001195,28671.139998280145
11_MEX,2044,911.746618782264,29258.46615007214
11_MEX,2045,923.9971686538353,29852.32358117323
11_MEX,2046,936.5560718029786,30452.490688469006
11_MEX,2047,949.3799142933598,31059.11115728599
11_MEX,2048,962.4353257322139,31672.71045133046
11_MEX,2049,977.3574614281374,32294.0459694512
11_MEX,2050,989.1522808924827,32923.920097135226
11_MEX,2051,0.0,
11_MEX,2052,0.0,
11_MEX,2053,0.0,
11_MEX,2054,0.0,
11_MEX,2055,0.0,
11_MEX,2056,0.0,
11_MEX,2057,0.0,
11_MEX,2058,0.0,
11_MEX,2059,0.0,
11_MEX,2060,0.0,
11_MEX,2061,0.0,
11_MEX,2062,0.0,
11_MEX,2063,0.0,
11_MEX,2064,0.0,
11_MEX,2065,0.0,
11_MEX,2066,0.0,
11_MEX,2067,0.0,
11_MEX,2068,0.0,
11_MEX,2069,0.0,
11_MEX,2070,0.0,
12_NZ,2017,64.77671492581842,41721.95281794625
12_NZ,2018,63.507421352136376,42507.56801263709
12_NZ,2019,64.22912989534966,43080.05641030871
12_NZ,2020,64.96301542022695,39653.548668900075
12_NZ,2021,66.14973644792047,41661.27671299676
12_NZ,2022,66.0520051865692,42527.00691742479
12_NZ,2023,65.95317573514497,43334.16380345559
12_NZ,2024,65.91725973455432,44115.91340668817
12_NZ,2025,65.89143609558585,44902.887558663446
12_NZ,2026,65.67304891938895,45700.25691533745
12_NZ,2027,65.53341127680916,46511.44272384593
12_NZ,2028,65.39905850732654,47339.503728291595
12_NZ,2029,65.27010566915108,48187.63568616403
12_NZ,2030,65.12542246287697,49058.24131067419
12_NZ,2031,65.01768308384722,49953.06432210022
12_NZ,2032,64.91480180697553,50872.98029327792
12_NZ,2033,64.81799060938228,51819.03409136726
12_NZ,2034,64.72920267703964,52792.93412455756
12_NZ,2035,64.65066075077902,53796.726687395865
12_NZ,2036,64.58347907172806,54833.513881623905
12_NZ,2037,64.5225961906865,55899.67215023078
12_NZ,2038,64.46814674768524,56997.213861767996
12_NZ,2039,64.420332208558,58128.76090778261
12_NZ,2040,64.37937483191706,59296.79852235192
12_NZ,2041,64.35940172559457,60503.39548142997
12_NZ,2042,64.35401793470047,61755.910174768156
12_NZ,2043,64.3619814260259,63053.727093454334
12_NZ,2044,64.37994483394048,64395.87436109743
12_NZ,2045,64.4051683113857,65781.89501032558
12_NZ,2046,64.43430941569069,67211.6022929717
12_NZ,2047,64.45777655303365,68676.39673295623
12_NZ,2048,64.47305513640488,70175.46188817108
12_NZ,2049,64.47789792899201,71708.66449458242
12_NZ,2050,64.4710258226553,73275.99285269856
12_NZ,2051,64.4715451062335,
12_NZ,2052,64.46897558347426,
12_NZ,2053,64.46220446246052,
12_NZ,2054,64.45026155009693,
12_NZ,2055,64.4320082397405,
12_NZ,2056,64.40682471233993,
12_NZ,2057,64.37386994035191,
12_NZ,2058,64.33251680242277,
12_NZ,2059,64.28201169327664,
12_NZ,2060,64.22169381746272,
12_NZ,2061,64.15085353031783,
12_NZ,2062,64.06896082133149,
12_NZ,2063,63.975551170094825,
12_NZ,2064,63.87018308906388,
12_NZ,2065,63.752451255727145,
12_NZ,2066,63.62164564585399,
12_NZ,2067,63.47699468193774,
12_NZ,2068,63.3178404129791,
12_NZ,2069,63.143508589087574,
12_NZ,2070,62.95314874014474,
13_PNG,2017,59.3205222355596,4353.278713949913
13_PNG,2018,59.40744652421623,4233.123820920174
13_PNG,2019,59.70534169875419,4358.785118080646
13_PNG,2020,59.73789618112457,4232.767457032129
13_PNG,2021,59.89889835840152,4273.375722433379
13_PNG,2022,60.22717761233317,4434.239076725743
13_PNG,2023,60.6160030054752,4618.196340484973
13_PNG,2024,61.06437238464292,4823.970883839302
13_PNG,2025,61.64169667904993,5021.918705100471
13_PNG,2026,62.21989218975048,5240.396467622622
13_PNG,2027,62.853815523042336,5464.607661822805
13_PNG,2028,63.55001441138598,5694.271049845355
13_PNG,2029,64.31521344936324,5929.132711923307
13_PNG,2030,65.18576440084263,6182.007360238673
13_PNG,2031,65.29700619877352,6439.201308135072
13_PNG,2032,65.42360259046703,6700.554475325209
13_PNG,2033,65.57905446000522,6965.984444989207
13_PNG,2034,65.80087835648267,7247.682679285369
13_PNG,2035,66.07353409303744,7533.013618448707
13_PNG,2036,66.4165102426114,7833.785618525513
13_PNG,2037,66.82580634432648,8137.709381735486
13_PNG,2038,67.33930084924404,8456.200159332502
13_PNG,2039,67.93906549864366,8777.29611114799
13_PNG,2040,68.65728376978184,9112.112403579687
13_PNG,2041,69.45729198652339,9449.130816333633
13_PNG,2042,70.37996747625343,9799.260416459741
13_PNG,2043,71.42775788232898,10162.083617092805
13_PNG,2044,72.58035996334569,10526.62554451812
13_PNG,2045,73.79587061754447,10872.057977956732
13_PNG,2046,75.16562391314679,11250.815554503939
13_PNG,2047,76.84462520086586,11722.93486608959
13_PNG,2048,78.38420281906554,12083.81459684866
13_PNG,2049,80.2465858918374,12536.630983072755
13_PNG,2050,81.97925189977418,12881.698390740394
13_PNG,2051,82.63014892587756,
13_PNG,2052,83.31500197452358,
13_PNG,2053,84.03473339406003,
13_PNG,2054,84.79031589055944,
13_PNG,2055,85.58278451510627,
13_PNG,2056,86.41329242874258,
13_PNG,2057,87.28311685040309,
13_PNG,2058,88.19362985411385,
13_PNG,2059,89.14631117007673,
13_PNG,2060,90.14266121747721,
13_PNG,2061,91.1842290750971,
13_PNG,2062,92.2725663058575,
13_PNG,2063,93.40931805114258,
13_PNG,2064,94.59613575160463,
13_PNG,2065,95.83481342019918,
13_PNG,2066,97.12720950270385,
13_PNG,2067,98.47526843856708,
13_PNG,2068,99.88117508500635,
13_PNG,2069,101.34722760438895,
13_PNG,2070,102.87576634539627,
14_PE,2017,146.66807505468407,12506.529375058608
14_PE,2018,156.79520894323915,12782.372733748087
14_PE,2019,156.27749092109357,12854.153850543004
14_PE,2020,143.40657438021793,12103.939484817472
14_PE,2021,147.87619833125768,12609.334858733859
14_PE,2022,151.02797601127602,12972.038046041767
14_PE,2023,154.45075522198925,13378.980754635142
14_PE,2024,157.28032545904787,13783.926456866455
14_PE,2025,158.98539128061236,14177.947364753465
14_PE,2026,160.49185306460467,14558.965408213435
14_PE,2027,161.97797296149298,14930.07632432625
14_PE,2028,163.84540812510593,15325.965339590703
14_PE,2029,165.5351587562797,15716.677825917799
14_PE,2030,167.65148182322648,16137.362810368506
14_PE,2031,169.4006354133437,16523.49533288236
14_PE,2032,171.5688919287076,16938.722201225457
14_PE,2033,173.58759968162292,17351.187722629238
14_PE,2034,176.03469668741786,17792.671549123268
14_PE,2035,178.53673686268206,18231.715018666247
14_PE,2036,180.9080622753342,18668.831709477447
14_PE,2037,183.538530207733,19104.400208357572
14_PE,2038,186.43177419437177,19569.009305311432
14_PE,2039,189.02603187043366,20001.167902747024
14_PE,2040,192.07529986531702,20461.800287547077
14_PE,2041,195.4265091790481,20950.583597159166
14_PE,2042,198.89551326119192,21437.51249182847
14_PE,2043,202.65802766744125,21952.689483669703
14_PE,2044,206.3426758996392,22436.891936829543
14_PE,2045,210.33522793723125,22949.888637005344
14_PE,2046,214.45287757251265,23462.25579496426
14_PE,2047,218.89599210316553,24003.509619731827
14_PE,2048,223.48080870131324,24544.60422223736
14_PE,2049,228.2151114954705,25085.961429103474
14_PE,2050,233.30194066750204,25656.86195721542
14_PE,2051,0.0,
14_PE,2052,0.0,
14_PE,2053,0.0,
14_PE,2054,0.0,
14_PE,2055,0.0,
14_PE,2056,0.0,
14_PE,2057,0.0,
14_PE,2058,0.0,
14_PE,2059,0.0,
14_PE,2060,0.0,
14_PE,2061,0.0,
14_PE,2062,0.0,
14_PE,2063,0.0,
14_PE,2064,0.0,
14_PE,2065,0.0,
14_PE,2066,0.0,
14_PE,2067,0.0,
14_PE,2068,0.0,
14_PE,2069,0.0,
14_PE,2070,0.0,
15_RP,2017,0.0,7753.464743742955
15_RP,2018,0.0,8123.376029590406
15_RP,2019,0.0,8486.069522380942
15_RP,2020,0.0,8422.895993792012
15_RP,2021,0.0,8943.403540556563
15_RP,2022,0.0,9360.461561334507
15_RP,2023,0.0,9781.27084218098
15_RP,2024,0.0,10219.924200689991
15_RP,2025,0.0,10662.767274403552
15_RP,2026,0.0,11109.95035706538
15_RP,2027,0.0,11574.668252513
15_RP,2028,0.0,12056.567835471791
15_RP,2029,0.0,12542.404007949865
15_RP,2030,0.0,13019.563193198888
15_RP,2031,0.0,13513.86046037926
15_RP,2032,0.0,14125.181570767993
15_RP,2033,0.0,14603.127590417533
15_RP,2034,0.0,15197.506436313966
15_RP,2035,0.0,15662.896961141574
15_RP,2036,0.0,16244.059428465132
15_RP,2037,0.0,16819.045705466207
15_RP,2038,0.0,17388.341344416116
15_RP,2039,0.0,18069.62341591611
15_RP,2040,0.0,18627.67021560725
15_RP,2041,0.0,19296.825275746814
15_RP,2042,0.0,19960.428977395983
15_RP,2043,0.0,20619.0399358105
15_RP,2044,0.0,21273.189654706148
15_RP,2045,0.0,21923.40348605034
15_RP,2046,0.0,22570.153762850103
15_RP,2047,0.0,23325.019747632352
15_RP,2048,0.0,24076.259678978455
15_RP,2049,0.0,24714.74904038075
15_RP,2050,0.0,25461.400459146305
15_RP,2051,0.0,
15_RP,2052,0.0,
15_RP,2053,0.0,
15_RP,2054,0.0,
15_RP,2055,0.0,
15_RP,2056,0.0,
15_RP,2057,0.0,
15_RP,2058,0.0,
15_RP,2059,0.0,
15_RP,2060,0.0,
15_RP,2061,0.0,
15_RP,2062,0.0,
15_RP,2063,0.0,
15_RP,2064,0.0,
15_RP,2065,0.0,
15_RP,2066,0.0,
15_RP,2067,0.0,
15_RP,2068,0.0,
15_RP,2069,0.0,
15_RP,2070,0.0,
16_RUS,2017,5223.765542576246,26314.243253618046
16_RUS,2018,5905.703659833502,26869.922973803426
16_RUS,2019,5040.338605897586,27193.43950473373
16_RUS,2020,4976.106704053829,25686.847448188044
16_RUS,2021,4989.542410605795,26589.975422687105
16_RUS,2022,5012.303684898824,27095.33537563442
16_RUS,2023,5024.552703910532,27493.29165051606
16_RUS,2024,5037.476015800863,28024.053207261735
16_RUS,2025,5050.0407773500765,28441.693197141292
16_RUS,2026,5060.506080171937,28989.61381298862
16_RUS,2027,5068.971951338088,29423.920018142653
16_RUS,2028,5075.453747990368,29866.225756182575
16_RUS,2029,5088.334880059923,30439.407828923544
16_RUS,2030,5097.236876947822,30896.888097752922
16_RUS,2031,5103.34231177486,31361.018073764568
16_RUS,2032,5115.954059392161,31955.31334274296
16_RUS,2033,5122.558257137776,32430.42511179419
16_RUS,2034,5131.5013950520215,32909.05319691149
16_RUS,2035,5142.713194403978,33515.58517460942
16_RUS,2036,5151.791079149569,33998.6262341948
16_RUS,2037,5158.958469572986,34482.72636371615
16_RUS,2038,5168.356355412886,34967.08587389309
16_RUS,2039,5177.880483517331,35450.94892108956
16_RUS,2040,5185.403635449041,35933.69193091677
16_RUS,2041,5195.061687763412,36414.77672792512
16_RUS,2042,5198.481728938541,36765.85531530647
16_RUS,2043,5208.029569872962,37242.96185760277
16_RUS,2044,5217.491111248835,37718.74144018566
16_RUS,2045,5220.678783102064,38064.5801916698
16_RUS,2046,5229.935993335647,38538.29990355488
16_RUS,2047,5237.011548454505,39011.29518736486
16_RUS,2048,5246.042890483093,39484.303898190396
16_RUS,2049,5255.022926194927,39958.307385057036
16_RUS,2050,5265.884914696061,40564.60166793077
16_RUS,2051,5282.365616483716,
16_RUS,2052,5297.070862470884,
16_RUS,2053,5314.105520741519,
16_RUS,2054,5331.418104718484,
16_RUS,2055,5349.009336283395,
16_RUS,2056,5366.879953456992,
16_RUS,2057,5385.030710540316,
16_RUS,2058,5403.462378254582,
16_RUS,2059,5424.229971273611,
16_RUS,2060,5443.226544313373,
16_RUS,2061,5464.562274798919,
16_RUS,2062,5484.127427959765,
16_RUS,2063,5506.035426481771,
16_RUS,2064,5528.231694561089,
16_RUS,2065,5550.717408163604,
16_RUS,2066,5573.4937586276355,
16_RUS,2067,5598.624540398709,
16_RUS,2068,5621.987275944005,
16_RUS,2069,5647.710041395506,
16_RUS,2070,5671.664490869383,
17_SIN,2017,0.0,92403.80772272908
17_SIN,2018,0.0,94486.05730750188
17_SIN,2019,0.0,94379.6368882673
17_SIN,2020,0.0,90360.23567334992
17_SIN,2021,0.0,92339.61382658982
17_SIN,2022,0.0,94891.68990468928
17_SIN,2023,0.0,97173.40935062013
17_SIN,2024,0.0,99672.89021576177
17_SIN,2025,0.0,102173.67467383019
17_SIN,2026,0.0,104905.44596542986
17_SIN,2027,0.0,107407.7176270831
17_SIN,2028,0.0,110139.44043300553
17_SIN,2029,0.0,112879.03322884477
17_SIN,2030,0.0,115631.77260736722
17_SIN,2031,0.0,118402.03444001943
17_SIN,2032,0.0,121193.86522333506
17_SIN,2033,0.0,123791.90001678349
17_SIN,2034,0.0,126640.28203967678
17_SIN,2035,0.0,129740.72745362828
17_SIN,2036,0.0,132877.09867437097
17_SIN,2037,0.0,136052.84217598638
17_SIN,2038,0.0,139270.43605524022
17_SIN,2039,0.0,142747.4869975529
17_SIN,2040,0.0,146052.82973783294
17_SIN,2041,0.0,149620.97116234674
17_SIN,2042,0.0,153021.64066906544
17_SIN,2043,0.0,156686.74851885482
17_SIN,2044,0.0,160399.32419079295
17_SIN,2045,0.0,163942.4679416147
17_SIN,2046,0.0,167964.6016436897
17_SIN,2047,0.0,171818.41520311456
17_SIN,2048,0.0,175934.05803225518
17_SIN,2049,0.0,180095.22579380803
17_SIN,2050,0.0,184299.64172240684
17_SIN,2051,0.0,
17_SIN,2052,0.0,
17_SIN,2053,0.0,
17_SIN,2054,0.0,
17_SIN,2055,0.0,
17_SIN,2056,0.0,
17_SIN,2057,0.0,
17_SIN,2058,0.0,
17_SIN,2059,0.0,
17_SIN,2060,0.0,
17_SIN,2061,0.0,
17_SIN,2062,0.0,
17_SIN,2063,0.0,
17_SIN,2064,0.0,
17_SIN,2065,0.0,
17_SIN,2066,0.0,
17_SIN,2067,0.0,
17_SIN,2068,0.0,
17_SIN,2069,0.0,
17_SIN,2070,0.0,
18_CT,2017,241.45692898189165,51687.05357854973
18_CT,2018,235.62238539153125,54798.12490612928
18_CT,2019,235.04381161025793,56165.41900180749
18_CT,2020,242.0093229873857,53821.69450555501
18_CT,2021,236.03297212770627,55616.17333111186
18_CT,2022,238.82969920606646,56866.745426768415
18_CT,2023,241.30643002173565,58046.01882324354
18_CT,2024,244.48279335432824,59260.01832581857
18_CT,2025,247.3670616295821,60511.54123455163
18_CT,2026,250.01958058734786,61698.37522888057
18_CT,2027,253.58626720967064,62911.485983037965
18_CT,2028,256.90506529672825,64052.35070986424
18_CT,2029,259.85980245555544,65162.531358215274
18_CT,2030,262.4195592695391,66208.03608081743
18_CT,2031,264.4887223142735,67236.51448810057
18_CT,2032,265.9241262343725,68345.23266441486
18_CT,2033,266.84101839319453,69351.74817753848
18_CT,2034,267.06735745634666,70313.40656262475
18_CT,2035,266.5525640982353,71203.23559623187
18_CT,2036,265.1666314475068,72117.44017621613
18_CT,2037,264.1560834160791,73117.10425713113
18_CT,2038,262.3824265150575,74031.01571340015
18_CT,2039,259.781242671324,74924.40141733122
18_CT,2040,256.3730186850794,75794.47312975283
18_CT,2041,252.2193252430012,76631.49499141127
18_CT,2042,247.3012043848499,77495.78865168914
18_CT,2043,241.78884548287215,78317.96873641819
18_CT,2044,235.77033971698293,79140.92059696872
18_CT,2045,229.36744182875745,79949.85524461162
18_CT,2046,222.59532436834547,80799.52308989657
18_CT,2047,215.55626918075367,81636.13172944501
18_CT,2048,208.2997549560964,82490.46283636539
18_CT,2049,200.90000767910152,83365.57222223691
18_CT,2050,193.4505537634814,84215.19005005492
18_CT,2051,185.99138945110008,
18_CT,2052,178.54114144367824,
18_CT,2053,171.14348367856758,
18_CT,2054,163.8380750638339,
18_CT,2055,156.65286323917255,
18_CT,2056,149.61018272037637,
18_CT,2057,142.72289519801834,
18_CT,2058,135.99835939442025,
18_CT,2059,129.43945630423156,
18_CT,2060,123.04698798715512,
18_CT,2061,116.8240413120905,
18_CT,2062,110.77203723966312,
18_CT,2063,104.87624374632274,
18_CT,2064,99.12089613386769,
18_CT,2065,93.49427590184433,
18_CT,2066,87.99646554139487,
18_CT,2067,82.6301090003358,
18_CT,2068,77.38930451200677,
18_CT,2069,72.26728525401603,
18_CT,2070,67.26210810659457,
19_THA,2017,505.06880138677064,17381.66460404454
19_THA,2018,500.472059518344,18042.396075629313
19_THA,2019,513.0645537904026,18423.105179837305
19_THA,2020,491.00462902474675,17145.81059091838
19_THA,2021,493.14652367298225,18152.47020268419
19_THA,2022,503.19848936958624,18794.886324796622
19_THA,2023,510.3037127614676,19464.519275869177
19_THA,2024,519.775423635581,20184.743919403398
19_THA,2025,526.514268270738,20955.731358656347
19_THA,2026,531.986281079669,21777.951212873413
19_THA,2027,536.9684670026737,22628.858094469902
19_THA,2028,539.2516790349669,23416.243039986413
19_THA,2029,548.3085535592589,24581.1748792262
19_THA,2030,554.5932296274133,25521.441073548613
19_THA,2031,558.3566706875914,26469.53031763909
19_THA,2032,566.2658616413065,27658.566301601233
19_THA,2033,571.5648991364296,28624.69823637803
19_THA,2034,578.6492168590762,29833.946290492608
19_THA,2035,585.4450941979028,31054.82433171941
19_THA,2036,591.6774237949935,32288.200493179083
19_THA,2037,597.5007322911216,33535.02665771419
19_THA,2038,602.9219560436331,34796.48772367952
19_THA,2039,612.0037530871198,36309.64440776295
19_THA,2040,616.5793582623897,37604.941846397305
19_THA,2041,622.84810086752,39155.92678899451
19_THA,2042,630.5829726796094,40727.98718570298
19_THA,2043,637.8663174717739,42322.37425918643
19_THA,2044,643.3058791315282,43940.268978300286
19_THA,2045,649.7551917149727,45582.84467606474
19_THA,2046,655.7690033130191,47251.276217319406
19_THA,2047,663.0677230521576,49190.23026765473
19_THA,2048,670.0015336488963,51159.78168368295
19_THA,2049,674.692505452138,52914.973547206486
19_THA,2050,680.5925814093933,54947.744795813174
19_THA,2051,0.0,
19_THA,2052,0.0,
19_THA,2053,0.0,
19_THA,2054,0.0,
19_THA,2055,0.0,
19_THA,2056,0.0,
19_THA,2057,0.0,
19_THA,2058,0.0,
19_THA,2059,0.0,
19_THA,2060,0.0,
19_THA,2061,0.0,
19_THA,2062,0.0,
19_THA,2063,0.0,
19_THA,2064,0.0,
19_THA,2065,0.0,
19_THA,2066,0.0,
19_THA,2067,0.0,
19_THA,2068,0.0,
19_THA,2069,0.0,
19_THA,2070,0.0,
20_USA,2017,10527.568032443873,59939.42617574246
20_USA,2018,11458.967068885839,61314.654077660314
20_USA,2019,11046.285088239178,62349.6350506031
20_USA,2020,10421.694290370973,58203.570065256
20_USA,2021,11012.36045655592,60473.33520707415
20_USA,2022,11090.50666745699,61010.34983413882
20_USA,2023,11110.526247621321,61613.87126624005
20_USA,2024,11157.220497586506,62279.10705295396
20_USA,2025,11175.019453473767,62990.65332447802
20_USA,2026,11191.9851839357,63737.53909682656
20_USA,2027,11208.01039724869,64512.01719380522
20_USA,2028,11223.111947654565,65308.1228785063
20_USA,2029,11237.313756783158,66121.25246048001
20_USA,2030,11250.536053160678,66948.83066214586
20_USA,2031,11287.352459210513,67789.82429158034
20_USA,2032,11297.775892261076,68646.36678288993
20_USA,2033,11332.962656531516,69523.74659118582
20_USA,2034,11367.63506122006,70428.4264782401
20_USA,2035,11377.457331514433,71365.83776313768
20_USA,2036,11411.403009337262,72339.49244886407
20_USA,2037,11469.535289106287,73351.6146328009
20_USA,2038,11503.23560592675,74403.85287791419
20_USA,2039,11536.814837407603,75496.46853847666
20_USA,2040,11593.713397915524,76629.36356981537
20_USA,2041,11650.941882178478,77802.98197081749
20_USA,2042,11684.491189667911,79018.09790956849
20_USA,2043,11740.821707316964,80274.00748638803
20_USA,2044,11819.293291904503,81568.8946757851
20_USA,2045,11874.144038742108,82900.53900477997
20_USA,2046,11950.692879867667,84267.44987766542
20_USA,2047,12003.916078849597,85668.5330771832
20_USA,2048,12078.371340194111,87101.7709801409
20_USA,2049,12151.556893359522,88564.51402047864
20_USA,2050,12223.475785129116,90054.21253506331
20_USA,2051,0.0,
20_USA,2052,0.0,
20_USA,2053,0.0,
20_USA,2054,0.0,
20_USA,2055,0.0,
20_USA,2056,0.0,
20_USA,2057,0.0,
20_USA,2058,0.0,
20_USA,2059,0.0,
20_USA,2060,0.0,
20_USA,2061,0.0,
20_USA,2062,0.0,
20_USA,2063,0.0,
20_USA,2064,0.0,
20_USA,2065,0.0,
20_USA,2066,0.0,
20_USA,2067,0.0,
20_USA,2068,0.0,
20_USA,2069,0.0,
20_USA,2070,0.0,
21_VN,2017,349.3681925326127,7155.4431870997005
21_VN,2018,333.8122783902687,7585.943155040361
21_VN,2019,375.5693066213216,8039.868345242507
21_VN,2020,384.0281320568051,8182.596002424106
21_VN,2021,413.8269535855747,8681.330620201723
21_VN,2022,448.8986124639433,9043.111640270345
21_VN,2023,477.5037086234819,9402.934201390908
21_VN,2024,508.23527325302575,9798.876830867815
21_VN,2025,540.0607819684421,10210.662755812955
21_VN,2026,564.6390232350419,10638.058377044435
21_VN,2027,589.446998167796,11100.333588614623
21_VN,2028,615.8929996994253,11578.924039704478
21_VN,2029,644.7335319171533,12093.461495834363
21_VN,2030,673.9484792762727,12625.870904548898
21_VN,2031,701.906998429838,13195.148644406452
21_VN,2032,735.8393574776758,13782.665295941944
21_VN,2033,770.787577905099,14388.31835195778
21_VN,2034,809.2698430377142,15048.272608145115
21_VN,2035,847.9186049075902,15707.140067292587
21_VN,2036,889.4008500414378,16401.53627479062
21_VN,2037,931.8162865459492,17113.40371190652
21_VN,2038,975.8794599895907,17860.646330045056
21_VN,2039,1016.5080884975537,18552.800473265645
21_VN,2040,1067.3318297997896,19405.830241515298
21_VN,2041,1111.7590853815643,20257.32394596903
21_VN,2042,1155.221132325361,21107.57160188136
21_VN,2043,1198.6510032068866,21956.954432123137
21_VN,2044,1239.7567449135247,22805.99026885588
21_VN,2045,1280.3627398847852,23655.211751656625
21_VN,2046,1321.4794059789583,24504.96707386682
21_VN,2047,1360.9381770645793,25355.652980865198
21_VN,2048,1409.3382860595461,26385.07754763872
21_VN,2049,1448.6058278027951,27239.771027706673
21_VN,2050,1495.4847310037424,28274.62195708846
21_VN,2051,0.0,
21_VN,2052,0.0,
21_VN,2053,0.0,
21_VN,2054,0.0,
21_VN,2055,0.0,
21_VN,2056,0.0,
21_VN,2057,0.0,
21_VN,2058,0.0,
21_VN,2059,0.0,
21_VN,2060,0.0,
21_VN,2061,0.0,
21_VN,2062,0.0,
21_VN,2063,0.0,
21_VN,2064,0.0,
21_VN,2065,0.0,
21_VN,2066,0.0,
21_VN,2067,0.0,
21_VN,2068,0.0,
21_VN,2069,0.0,
21_VN,2070,0.0,
