Economy,Year,Residential,Population
01_AUS,2017,463.4633427867839,24584.619
01_AUS,2018,465.81060807934784,24898.153
01_AUS,2019,473.7071237230832,25203.2
01_AUS,2020,452.3338723779292,25499.881
01_AUS,2021,456.8436089079126,25788.217
01_AUS,2022,453.37757253535443,26068.793
01_AUS,2023,453.3129056779704,26343.073
01_AUS,2024,449.50430230331574,26612.912
01_AUS,2025,448.9648001419498,26879.753
01_AUS,2026,444.9641203361118,27144.224
01_AUS,2027,444.08936579632694,27406.327
01_AUS,2028,443.03292070267287,27666.064
01_AUS,2029,441.80875319867926,27923.172
01_AUS,2030,440.4267602420869,28177.48
01_AUS,2031,438.8736766241956,28429.245
01_AUS,2032,439.93209016345173,28678.759
01_AUS,2033,438.1441426984614,28925.692
01_AUS,2034,438.8959322907616,29169.6
01_AUS,2035,439.51698231738635,29410.247
01_AUS,2036,440.02992945106763,29647.564
01_AUS,2037,440.4329891198837,29881.87
01_AUS,2038,440.7320272004521,30113.684
01_AUS,2039,443.16570248556656,30343.71
01_AUS,2040,445.37305581569564,30572.49
01_AUS,2041,445.3400228739691,30800.208
01_AUS,2042,447.2809748958482,31026.902
01_AUS,2043,451.061435602418,31252.712
01_AUS,2044,452.5672948892153,31477.766
01_AUS,2045,455.8406928555918,31702.144
01_AUS,2046,458.8644196912761,31925.961
01_AUS,2047,461.6515587481617,32149.253
01_AUS,2048,464.2134645404006,32371.843
01_AUS,2049,466.56144703495056,32593.518
01_AUS,2050,470.4431881423704,32814.106
01_AUS,2051,0.0,
01_AUS,2052,0.0,
01_AUS,2053,0.0,
01_AUS,2054,0.0,
01_AUS,2055,0.0,
01_AUS,2056,0.0,
01_AUS,2057,0.0,
01_AUS,2058,0.0,
01_AUS,2059,0.0,
01_AUS,2060,0.0,
01_AUS,2061,0.0,
01_AUS,2062,0.0,
01_AUS,2063,0.0,
01_AUS,2064,0.0,
01_AUS,2065,0.0,
01_AUS,2066,0.0,
01_AUS,2067,0.0,
01_AUS,2068,0.0,
01_AUS,2069,0.0,
01_AUS,2070,0.0,
02_BD,2017,6.149435194392508,424.481
02_BD,2018,6.636732376593139,428.96
02_BD,2019,6.736462936108895,433.296
02_BD,2020,6.825357327446541,437.483
02_BD,2021,6.907684758915876,441.532
02_BD,2022,6.987817748880616,445.429
02_BD,2023,7.061605566107779,449.169
02_BD,2024,7.131642827293616,452.767
02_BD,2025,7.19727802400201,456.182
02_BD,2026,7.258837044961515,459.465
02_BD,2027,7.31684340422996,462.584
02_BD,2028,7.370540404845277,465.548
02_BD,2029,7.4217743869252715,468.352
02_BD,2030,7.4684695013532405,470.987
02_BD,2031,7.509772561873014,473.462
02_BD,2032,7.548801069617937,475.784
02_BD,2033,7.583359535822043,477.936
02_BD,2034,7.614604624047818,479.927
02_BD,2035,7.643951183315544,481.782
02_BD,2036,7.668185048861859,483.482
02_BD,2037,7.690253546932147,485.029
02_BD,2038,7.709441655916855,486.435
02_BD,2039,7.7255975590060695,487.69
02_BD,2040,7.739182431158687,488.817
02_BD,2041,7.748170053116584,489.799
02_BD,2042,7.753608417318864,490.658
02_BD,2043,7.75683741268376,491.373
02_BD,2044,7.757181001373816,491.954
02_BD,2045,7.754291023806365,492.384
02_BD,2046,7.747542166789204,492.676
02_BD,2047,7.738772547372927,492.827
02_BD,2048,7.726125276620754,492.83
02_BD,2049,7.711462924917994,492.692
02_BD,2050,7.6935074292813095,492.391
02_BD,2051,0.0,
02_BD,2052,0.0,
02_BD,2053,0.0,
02_BD,2054,0.0,
02_BD,2055,0.0,
02_BD,2056,0.0,
02_BD,2057,0.0,
02_BD,2058,0.0,
02_BD,2059,0.0,
02_BD,2060,0.0,
02_BD,2061,0.0,
02_BD,2062,0.0,
02_BD,2063,0.0,
02_BD,2064,0.0,
02_BD,2065,0.0,
02_BD,2066,0.0,
02_BD,2067,0.0,
02_BD,2068,0.0,
02_BD,2069,0.0,
02_BD,2070,0.0,
03_CDA,2017,1472.7853695386484,36732.091
03_CDA,2018,1551.8910395209346,37074.558
03_CDA,2019,1585.1022806493952,37411.038
03_CDA,2020,1519.5023911358903,37742.157
03_CDA,2021,1535.1298614684706,38067.913
03_CDA,2022,1553.4723855878533,38388.416
03_CDA,2023,1566.1628218898072,38704.479
03_CDA,2024,1573.3084191095104,39017.093
03_CDA,2025,1580.4217189035114,39326.964
03_CDA,2026,1590.1965062859895,39634.342
03_CDA,2027,1597.2964732227342,39939.039
03_CDA,2028,1607.1605551916502,40240.809
03_CDA,2029,1617.0161200950267,40539.186
03_CDA,2030,1624.2655180178085,40833.733
03_CDA,2031,1633.9660484516196,41124.507
03_CDA,2032,1643.6079536055695,41411.4
03_CDA,2033,1654.6584595491152,41693.455
03_CDA,2034,1660.947277234684,41969.503
03_CDA,2035,1666.1756948256052,42238.708
03_CDA,2036,1673.9479151728524,42500.814
03_CDA,2037,1681.6681841710756,42756.083
03_CDA,2038,1686.8589041540529,43004.972
03_CDA,2039,1694.4888423272682,43248.162
03_CDA,2040,1702.0615694378791,43486.273
03_CDA,2041,1709.7257375198162,43719.526
03_CDA,2042,1717.349525978152,43948.081
03_CDA,2043,1727.338519045336,44172.494
03_CDA,2044,1734.8587289876696,44393.406
03_CDA,2045,1744.7077931359522,44611.362
03_CDA,2046,1752.0910222164664,44826.844
03_CDA,2047,1761.7572687702705,45040.171
03_CDA,2048,1771.3237046079466,45251.593
03_CDA,2049,1782.1133619106265,45461.265
03_CDA,2050,1793.7876158369143,45669.453
03_CDA,2051,1804.3453085332867,
03_CDA,2052,1814.8196402010512,
03_CDA,2053,1827.4938670052986,
03_CDA,2054,1837.7594278786535,
03_CDA,2055,1850.1818197476537,
03_CDA,2056,1862.464438062658,
03_CDA,2057,1872.3524278318816,
03_CDA,2058,1884.3521387647584,
03_CDA,2059,1898.4243752642515,
03_CDA,2060,1910.0898178004286,
03_CDA,2061,1921.587479685518,
03_CDA,2062,1935.1214409399513,
03_CDA,2063,1948.4800151668942,
03_CDA,2064,1961.6776715565843,
03_CDA,2065,1974.7275953580447,
03_CDA,2066,1987.6347627626951,
03_CDA,2067,2000.4039239572076,
03_CDA,2068,2015.1870394403104,
03_CDA,2069,2027.7123696250576,
03_CDA,2070,2042.2606969222245,
04_CHL,2017,202.35483025768735,18470.435
04_CHL,2018,205.99915216884307,18729.166
04_CHL,2019,204.78410985219818,18952.035
04_CHL,2020,193.3982262571501,19116.209
04_CHL,2021,198.51884700292376,19212.362
04_CHL,2022,201.4680589119865,19250.192
04_CHL,2023,204.3121920232119,19249.347
04_CHL,2024,207.09724799372862,19238.997
04_CHL,2025,209.5183532603852,19240.995
04_CHL,2026,211.85513360925992,19260.477
04_CHL,2027,213.78725789657528,19292.754
04_CHL,2028,215.89649716831175,19337.99
04_CHL,2029,217.84371732811408,19393.834
04_CHL,2030,219.60583839229383,19458.098
04_CHL,2031,221.18044801467093,19532.745
04_CHL,2032,222.89589884749552,19618.42
04_CHL,2033,224.21369807603153,19709.544
04_CHL,2034,225.50091652909808,19798.464
04_CHL,2035,227.0921522610938,19879.426
04_CHL,2036,228.71732444579814,19950.364
04_CHL,2037,230.10109931970493,20012.198
04_CHL,2038,231.78841090392808,20065.862
04_CHL,2039,233.47615971365016,20113.506
04_CHL,2040,235.14342731029535,20156.641
04_CHL,2041,237.10815773245818,20195.132
04_CHL,2042,239.09953450839396,20228.161
04_CHL,2043,241.35953854803128,20255.949
04_CHL,2044,243.35580550899184,20278.708
04_CHL,2045,245.61382329292954,20296.684
04_CHL,2046,247.87203308473678,20309.993
04_CHL,2047,250.12825997248746,20318.734
04_CHL,2048,252.3816248300803,20323.082
04_CHL,2049,254.88362657424145,20323.217
04_CHL,2050,257.1116567980848,20319.303
04_CHL,2051,259.26517759830426,
04_CHL,2052,261.654573829077,
04_CHL,2053,264.02493544080744,
04_CHL,2054,266.621400684025,
04_CHL,2055,269.192200675376,
04_CHL,2056,271.73611102003605,
04_CHL,2057,274.2523624633637,
04_CHL,2058,276.73983036425443,
04_CHL,2059,279.4381230401294,
04_CHL,2060,282.1030476390335,
04_CHL,2061,283.77990369592334,
04_CHL,2062,287.0934721554534,
04_CHL,2063,290.36716620359164,
04_CHL,2064,293.6032359236038,
04_CHL,2065,296.80364093858645,
04_CHL,2066,299.9689769052584,
04_CHL,2067,303.0995065390044,
04_CHL,2068,306.1972552981067,
04_CHL,2069,309.26412719344404,
04_CHL,2070,312.30195233311974,
05_PRC,2017,10268.91359856399,1421021.794
05_PRC,2018,10568.349043776805,1427647.789
05_PRC,2019,11300.822088833133,1433783.69199999
05_PRC,2020,11501.773536886723,1439323.774
05_PRC,2021,12275.9858353096,1444216.102
05_PRC,2022,12822.504951616884,1448471.404
05_PRC,2023,13400.750295409624,1452127.674
05_PRC,2024,13997.288828561388,1455254.862
05_PRC,2025,14597.303039249351,1457908.248
05_PRC,2026,14858.999227251132,1460092.251
05_PRC,2027,15099.442029965978,1461797.638
05_PRC,2028,15332.480507270526,1463052.846
05_PRC,2029,15544.428596550108,1463891.336
05_PRC,2030,15748.386876747796,1464340.15
05_PRC,2031,15932.640768314399,1464417.502
05_PRC,2032,16102.221989525866,1464130.42199999
05_PRC,2033,16250.199600916816,1463480.846
05_PRC,2034,16389.589873613273,1462465.124
05_PRC,2035,16507.45349748957,1461083.03
05_PRC,2036,16609.518515985055,1459341.17199999
05_PRC,2037,16691.874786031236,1457252.173
05_PRC,2038,16760.977442477215,1454828.444
05_PRC,2039,16817.519937126006,1452084.26599999
05_PRC,2040,16862.136451878563,1449031.42
05_PRC,2041,16892.357644348842,1445680.248
05_PRC,2042,16913.363393670916,1442035.132
05_PRC,2043,16925.293869504832,1438094.71199999
05_PRC,2044,16929.220889779877,1433854.12
05_PRC,2045,16926.24452273302,1429312.245
05_PRC,2046,16912.3121844451,1424476.521
05_PRC,2047,16899.796816704285,1419358.625
05_PRC,2048,16879.734815988646,1413967.251
05_PRC,2049,16863.255247758407,1408312.31
05_PRC,2050,16846.120614181043,1402405.167
05_PRC,2051,16846.70326485497,
05_PRC,2052,16851.93392505207,
05_PRC,2053,16856.95400852713,
05_PRC,2054,16861.799038356556,
05_PRC,2055,16871.103239259875,
05_PRC,2056,16875.635091497265,
05_PRC,2057,16880.07786784557,
05_PRC,2058,16888.900369188592,
05_PRC,2059,16897.595131629518,
05_PRC,2060,16906.19518009135,
05_PRC,2061,16914.723901471403,
05_PRC,2062,16923.201478770265,
05_PRC,2063,16931.65196205541,
05_PRC,2064,16940.09827603883,
05_PRC,2065,16952.627963241208,
05_PRC,2066,16961.07094828843,
05_PRC,2067,16973.525867109725,
05_PRC,2068,16985.93276559545,
05_PRC,2069,16998.296835671506,
05_PRC,2070,17010.62365010473,
06_HKC,2017,57.35182484474388,7306.315
06_HKC,2018,58.371248014136235,7371.728
06_HKC,2019,58.78164562006541,7436.15699999999
06_HKC,2020,58.493788082699496,7496.988
06_HKC,2021,59.004977597694136,7552.8
06_HKC,2022,59.478361642799314,7604.306
06_HKC,2023,59.90011781033888,7653.424
06_HKC,2024,60.30655273136363,7703.193
06_HKC,2025,60.76663024862277,7755.536
06_HKC,2026,61.19989372943353,7811.205
06_HKC,2027,61.66330456836974,7868.72
06_HKC,2028,62.115610516174335,7925.075
06_HKC,2029,62.52467937119692,7976.056
06_HKC,2030,62.88536980053037,8018.674
06_HKC,2031,63.142040261119625,8051.863
06_HKC,2032,63.35088337061651,8076.552
06_HKC,2033,63.50577370869692,8094.378
06_HKC,2034,63.62629307957808,8107.887
06_HKC,2035,63.7447735786525,8118.968
06_HKC,2036,63.824698384452205,8128.106
06_HKC,2037,63.903154088038576,8134.87699999999
06_HKC,2038,63.979990634382595,8139.274
06_HKC,2039,64.01888525452563,8141.104
06_HKC,2040,64.03686047457424,8140.298
06_HKC,2041,64.05764722339758,8137.076
06_HKC,2042,64.04533628359789,8131.813
06_HKC,2043,64.03544331930098,8124.69199999999
06_HKC,2044,64.02949155183835,8115.96099999999
06_HKC,2045,63.97813768849723,8105.793
06_HKC,2046,63.96577491395395,8094.354
06_HKC,2047,63.943464444872625,8081.851
06_HKC,2048,63.913523578226126,8068.58699999999
06_HKC,2049,63.8784521734671,8054.884
06_HKC,2050,63.856837122537556,8041.04199999999
06_HKC,2051,63.85855170851006,
06_HKC,2052,63.859449820988985,
06_HKC,2053,63.86036539327726,
06_HKC,2054,63.877483647165214,
06_HKC,2055,63.89505408971977,
06_HKC,2056,63.929433305943704,
06_HKC,2057,63.964785588613815,
06_HKC,2058,64.01632615570819,
06_HKC,2059,63.99029515571113,
06_HKC,2060,64.1803840877879,
06_HKC,2061,64.21469198506685,
06_HKC,2062,64.24789850521763,
06_HKC,2063,64.27923239794991,
06_HKC,2064,64.45898912399123,
06_HKC,2065,64.48237269622744,
06_HKC,2066,64.50149112130883,
06_HKC,2067,64.6655951422368,
06_HKC,2068,64.82280032230973,
06_HKC,2069,64.8241140089285,
06_HKC,2070,64.96533926137464,
07_INA,2017,1077.8181564108831,264650.969
07_INA,2018,1119.7528005600388,267670.549
07_INA,2019,1146.7371145952789,270625.567
07_INA,2020,1113.286713629481,273523.621
07_INA,2021,1160.978493071266,276361.788
07_INA,2022,1206.0077768910014,279134.505
07_INA,2023,1251.2711719562014,281844.348
07_INA,2024,1300.081343662369,284495.157
07_INA,2025,1352.9274199243987,287089.641
07_INA,2026,1392.6887057779543,289628.16
07_INA,2027,1434.3539675739596,292109.442
07_INA,2028,1477.6886020322233,294532.571
07_INA,2029,1522.543448759594,296896.014
07_INA,2030,1567.6770894197246,299198.43
07_INA,2031,1616.3393399513207,301439.289
07_INA,2032,1666.565896558861,303618.026
07_INA,2033,1718.2261259267686,305733.068
07_INA,2034,1771.2281454286774,307782.577
07_INA,2035,1825.5088164643057,309764.945
07_INA,2036,1880.8835768755473,311679.189
07_INA,2037,1937.338472716352,313524.572
07_INA,2038,1994.833225527314,315300.098
07_INA,2039,2053.2711842861627,317004.821
07_INA,2040,2112.550481388676,318637.86
07_INA,2041,2172.266244368711,320198.985
07_INA,2042,2232.556071959608,321687.66
07_INA,2043,2293.3553945858234,323102.546
07_INA,2044,2354.5712378835337,324442.07
07_INA,2045,2415.9295613785634,325705.345
07_INA,2046,2477.1474972815718,326892.322
07_INA,2047,2538.067719852878,328003.996
07_INA,2048,2598.590538532868,329041.879
07_INA,2049,2658.6224444168265,330008.087
07_INA,2050,2718.0582165258224,330904.672
07_INA,2051,2771.598858622255,
07_INA,2052,2826.381630333635,
07_INA,2053,2882.422981306747,
07_INA,2054,2939.7376326259478,
07_INA,2055,2998.3410026575725,
07_INA,2056,3058.2522175386584,
07_INA,2057,3119.490053427757,
07_INA,2058,3182.068684435705,
07_INA,2059,3246.0000656044976,
07_INA,2060,3311.2974778312437,
07_INA,2061,3377.976577129688,
07_INA,2062,3446.0554275309582,
07_INA,2063,3515.551093958182,
07_INA,2064,3586.481243162579,
07_INA,2065,3658.8632560535875,
07_INA,2066,3732.7154525696074,
07_INA,2067,3808.05415867808,
07_INA,2068,3884.892293680356,
07_INA,2069,3963.240320437581,
07_INA,2070,4043.1114150627445,
08_JPN,2017,1844.6655081225667,127502.728
08_JPN,2018,1753.2128344765706,127202.19
08_JPN,2019,1734.669641721573,126860.299
08_JPN,2020,1777.1539251428703,126476.458
08_JPN,2021,1735.8443982769595,126050.796
08_JPN,2022,1702.7539472093456,125584.839
08_JPN,2023,1681.8634327899317,125081.316
08_JPN,2024,1661.4121844854085,124543.923
08_JPN,2025,1647.13242870447,123975.981
08_JPN,2026,1627.4259944299577,123379.107
08_JPN,2027,1608.1020946253143,122754.999
08_JPN,2028,1587.2598571499695,122107.379
08_JPN,2029,1566.76644161577,121440.546
08_JPN,2030,1546.5784181837332,120758.056
08_JPN,2031,1526.7787760062129,120062.518
08_JPN,2032,1505.4422722480942,119355.235
08_JPN,2033,1486.306760831882,118636.758
08_JPN,2034,1465.6698256737063,117906.953
08_JPN,2035,1447.1738263669304,117166.138
08_JPN,2036,1426.993351935801,116415.51
08_JPN,2037,1407.172817497547,115657.089
08_JPN,2038,1387.692566856393,114892.928
08_JPN,2039,1370.3255512249734,114125.389
08_JPN,2040,1351.430992106697,113356.481
08_JPN,2041,1333.142439403247,112587.239
08_JPN,2042,1315.329647027547,111818.498
08_JPN,2043,1297.8046766802,111051.701
08_JPN,2044,1282.3174826420177,110288.3
08_JPN,2045,1265.3082532509673,109529.352
08_JPN,2046,1248.5056818361888,108775.261
08_JPN,2047,1231.8944637702302,108025.99
08_JPN,2048,1217.2159851408205,107281.347
08_JPN,2049,1200.9461173889983,106540.925
08_JPN,2050,1184.77555651652,105804.023
08_JPN,2051,1169.6230810957084,
08_JPN,2052,1152.8175608337917,
08_JPN,2053,1137.8448252838887,
08_JPN,2054,1121.2113541432504,
08_JPN,2055,1106.397314238398,
08_JPN,2056,1089.9157067456222,
08_JPN,2057,1075.2416541047298,
08_JPN,2058,1058.8939627011812,
08_JPN,2059,1042.6076825017342,
08_JPN,2060,1026.3789919290564,
08_JPN,2061,1010.2042895539714,
08_JPN,2062,992.3475304215765,
08_JPN,2063,976.2716829752129,
08_JPN,2064,960.2401665434776,
08_JPN,2065,942.5199301606491,
08_JPN,2066,926.5694456623248,
08_JPN,2067,908.9263899436885,
08_JPN,2068,891.3184786998618,
08_JPN,2069,873.7433590966601,
08_JPN,2070,856.1988162981837,
09_ROK,2017,860.349056467729,51096.408
09_ROK,2018,866.7358295375885,51171.7
09_ROK,2019,866.7741186121484,51225.321
09_ROK,2020,865.083637112606,51269.183
09_ROK,2021,872.0409493348327,51305.184
09_ROK,2022,878.3766098524292,51329.905
09_ROK,2023,882.3303566404004,51343.973
09_ROK,2024,886.0536474047651,51347.169
09_ROK,2025,889.2095481898111,51339.378
09_ROK,2026,892.0851971221479,51321.217
09_ROK,2027,894.7266905876002,51293.519
09_ROK,2028,896.0217795866182,51256.2709999999
09_ROK,2029,898.1948541315485,51209.252
09_ROK,2030,899.0239663293244,51152.05
09_ROK,2031,902.5124585660407,51084.9109999999
09_ROK,2032,901.8386287096857,51007.254
09_ROK,2033,903.8283029431068,50916.671
09_ROK,2034,906.6278523862459,50810.026
09_ROK,2035,907.9779659193866,50685.005
09_ROK,2036,908.9091545466807,50540.727
09_ROK,2037,909.4878502757819,50377.613
09_ROK,2038,908.6382793452864,50196.3
09_ROK,2039,908.5710258226993,49998.017
09_ROK,2040,908.1853545769079,49783.741
09_ROK,2041,906.681699367946,49553.5359999999
09_ROK,2042,906.0834356684961,49307.319
09_ROK,2043,904.1454443645758,49045.767
09_ROK,2044,901.9428090945019,48769.677
09_ROK,2045,899.4870895744909,48479.728
09_ROK,2046,896.775068817332,48176.623
09_ROK,2047,894.8289162677397,47860.608
09_ROK,2048,891.5429817957502,47531.236
09_ROK,2049,887.9928955605691,47187.764
09_ROK,2050,885.1370324965742,46829.924
09_ROK,2051,881.4704620441753,
09_ROK,2052,878.6125220178161,
09_ROK,2053,874.4493317781568,
09_ROK,2054,871.1498692275211,
09_ROK,2055,867.6754809335634,
09_ROK,2056,862.9742256992743,
09_ROK,2057,859.2081447551395,
09_ROK,2058,855.3543892223845,
09_ROK,2059,851.4668951078543,
09_ROK,2060,847.5902468733389,
09_ROK,2061,843.7508547047258,
09_ROK,2062,839.9623532279891,
09_ROK,2063,836.2422101263843,
09_ROK,2064,833.6734102343805,
09_ROK,2065,830.1279034829743,
09_ROK,2066,826.6907330919582,
09_ROK,2067,824.4423171870526,
09_ROK,2068,821.2433138876752,
09_ROK,2069,819.2263017216046,
09_ROK,2070,817.3185428639625,
10_MAS,2017,138.8006650308365,31104.655
10_MAS,2018,138.39255318990948,31528.033
10_MAS,2019,151.31574442981307,31949.789
10_MAS,2020,164.24011809147862,32365.998
10_MAS,2021,175.95347849885192,32776.195
10_MAS,2022,184.62335948565266,33181.079
10_MAS,2023,193.693014789187,33579.264
10_MAS,2024,202.7973431367272,33969.292
10_MAS,2025,210.10074134180397,34349.933
10_MAS,2026,217.17039881964422,34720.334
10_MAS,2027,224.38021650241242,35080.109
10_MAS,2028,231.72351605247925,35429.092
10_MAS,2029,239.19605697677267,35767.395
10_MAS,2030,246.9890130335594,36095.052
10_MAS,2031,255.7602350131056,36411.999
10_MAS,2032,263.3922596656798,36717.906
10_MAS,2033,270.9108805993172,37012.453
10_MAS,2034,278.30890259705916,37295.26
10_MAS,2035,287.6189671838074,37566.151
10_MAS,2036,296.77015787875536,37825.115
10_MAS,2037,303.75642039358087,38072.539
10_MAS,2038,312.632401178089,38309.224
10_MAS,2039,321.3680403948527,38536.268
10_MAS,2040,329.96419201811864,38754.576
10_MAS,2041,340.4739870270782,38964.533
10_MAS,2042,348.8842597766174,39166.389
10_MAS,2043,357.1964040446836,39360.772
10_MAS,2044,367.37997379260463,39548.357
10_MAS,2045,375.497941088483,39729.694
10_MAS,2046,385.45091805682966,39905.065
10_MAS,2047,395.2699635560223,40074.627
10_MAS,2048,404.95573821147843,40238.61
10_MAS,2049,414.5086862805329,40397.165
10_MAS,2050,422.0159228045065,40550.371
10_MAS,2051,428.56814521756024,
10_MAS,2052,435.20326655754377,
10_MAS,2053,441.91875216834296,
10_MAS,2054,448.710550250694,
10_MAS,2055,455.5750552678538,
10_MAS,2056,462.5107904111641,
10_MAS,2057,469.5166544024326,
10_MAS,2058,476.5893968460788,
10_MAS,2059,483.72486094894055,
10_MAS,2060,490.91930600323144,
10_MAS,2061,498.17124353620136,
10_MAS,2062,505.47900240694486,
10_MAS,2063,512.8399150979873,
10_MAS,2064,520.2513502457784,
10_MAS,2065,527.711017242137,
10_MAS,2066,535.2179497577483,
10_MAS,2067,542.772534404144,
10_MAS,2068,550.3761147971355,
10_MAS,2069,558.0311360508986,
10_MAS,2070,565.7404452771084,
11_MEX,2017,771.7072173424162,124777.326
11_MEX,2018,789.7531803125432,126190.782
11_MEX,2019,796.9202602873711,127575.529
11_MEX,2020,772.1149989746631,128932.753
11_MEX,2021,784.9802100746577,130262.22
11_MEX,2022,785.5629561843758,131562.775
11_MEX,2023,786.4183726903271,132833.768
11_MEX,2024,787.8620242139555,134074.379
11_MEX,2025,790.0457172985125,135284.064
11_MEX,2026,790.3253843678556,136462.077
11_MEX,2027,791.3847606175785,137608.574
11_MEX,2028,793.2082677583921,138725.066
11_MEX,2029,795.7895179182253,139813.7
11_MEX,2030,799.1164162857551,140875.763
11_MEX,2031,802.870142312556,141911.813
11_MEX,2032,807.3203438354868,142920.645
11_MEX,2033,812.4748381982688,143899.675
11_MEX,2034,818.317395594275,144845.374
11_MEX,2035,824.8390327372481,145755.088
11_MEX,2036,832.0218414760546,146627.857
11_MEX,2037,839.8716447424317,147464.087
11_MEX,2038,848.3656363023099,148264.124
11_MEX,2039,857.4762102744985,149028.879
11_MEX,2040,867.1594235328264,149759.03
11_MEX,2041,877.5251160919137,150454.446
11_MEX,2042,888.4544428065196,151114.754
11_MEX,2043,899.8807923001195,151740.131999999
11_MEX,2044,911.746618782264,152330.831
11_MEX,2045,923.9971686538353,152887.033
11_MEX,2046,936.5560718029786,153408.998
11_MEX,2047,949.3799142933598,153896.747
11_MEX,2048,962.4353257322139,154349.943
11_MEX,2049,977.3574614281374,154768.043
11_MEX,2050,989.1522808924827,155150.814
11_MEX,2051,0.0,
11_MEX,2052,0.0,
11_MEX,2053,0.0,
11_MEX,2054,0.0,
11_MEX,2055,0.0,
11_MEX,2056,0.0,
11_MEX,2057,0.0,
11_MEX,2058,0.0,
11_MEX,2059,0.0,
11_MEX,2060,0.0,
11_MEX,2061,0.0,
11_MEX,2062,0.0,
11_MEX,2063,0.0,
11_MEX,2064,0.0,
11_MEX,2065,0.0,
11_MEX,2066,0.0,
11_MEX,2067,0.0,
11_MEX,2068,0.0,
11_MEX,2069,0.0,
11_MEX,2070,0.0,
12_NZ,2017,64.77671492581842,4702.029
12_NZ,2018,63.507421352136376,4743.13099999999
12_NZ,2019,64.22912989534966,4783.062
12_NZ,2020,64.96301542022695,4822.233
12_NZ,2021,66.14973644792047,4860.642
12_NZ,2022,66.0520051865692,4898.201
12_NZ,2023,65.95317573514497,4934.976
12_NZ,2024,65.91725973455432,4971.047
12_NZ,2025,65.89143609558585,5006.449
12_NZ,2026,65.67304891938895,5041.237
12_NZ,2027,65.53341127680916,5075.413
12_NZ,2028,65.39905850732654,5108.863
12_NZ,2029,65.27010566915108,5141.412
12_NZ,2030,65.12542246287697,5172.96099999999
12_NZ,2031,65.01768308384722,5203.483
12_NZ,2032,64.91480180697553,5232.992
12_NZ,2033,64.81799060938228,5261.491
12_NZ,2034,64.72920267703964,5288.96
12_NZ,2035,64.65066075077902,5315.419
12_NZ,2036,64.58347907172806,5340.85
12_NZ,2037,64.5225961906865,5365.265
12_NZ,2038,64.46814674768524,5388.73
12_NZ,2039,64.420332208558,5411.29
12_NZ,2040,64.37937483191706,5433.0
12_NZ,2041,64.35940172559457,5453.896
12_NZ,2042,64.35401793470047,5473.98699999999
12_NZ,2043,64.3619814260259,5493.293
12_NZ,2044,64.37994483394048,5511.82
12_NZ,2045,64.4051683113857,5529.569
12_NZ,2046,64.43430941569069,5546.57199999999
12_NZ,2047,64.45777655303365,5562.882
12_NZ,2048,64.47305513640488,5578.512
12_NZ,2049,64.47789792899201,5593.464
12_NZ,2050,64.4710258226553,5607.793
12_NZ,2051,64.4715451062335,
12_NZ,2052,64.46897558347426,
12_NZ,2053,64.46220446246052,
12_NZ,2054,64.45026155009693,
12_NZ,2055,64.4320082397405,
12_NZ,2056,64.40682471233993,
12_NZ,2057,64.37386994035191,
12_NZ,2058,64.33251680242277,
12_NZ,2059,64.28201169327664,
12_NZ,2060,64.22169381746272,
12_NZ,2061,64.15085353031783,
12_NZ,2062,64.06896082133149,
12_NZ,2063,63.975551170094825,
12_NZ,2064,63.87018308906388,
12_NZ,2065,63.752451255727145,
12_NZ,2066,63.62164564585399,
12_NZ,2067,63.47699468193774,
12_NZ,2068,63.3178404129791,
12_NZ,2069,63.143508589087574,
12_NZ,2070,62.95314874014474,
13_PNG,2017,59.3205222355596,8438.038
13_PNG,2018,59.40744652421623,8606.324
13_PNG,2019,59.70534169875419,8776.119
13_PNG,2020,59.73789618112457,8947.027
13_PNG,2021,59.89889835840152,9119.005
13_PNG,2022,60.22717761233317,9292.172
13_PNG,2023,60.6160030054752,9466.431
13_PNG,2024,61.06437238464292,9641.706
13_PNG,2025,61.64169667904993,9817.917
13_PNG,2026,62.21989218975048,9994.969
13_PNG,2027,62.853815523042336,10172.751
13_PNG,2028,63.55001441138598,10351.151
13_PNG,2029,64.31521344936324,10530.056
13_PNG,2030,65.18576440084263,10709.351
13_PNG,2031,65.29700619877352,10888.951
13_PNG,2032,65.42360259046703,11068.738
13_PNG,2033,65.57905446000522,11248.502
13_PNG,2034,65.80087835648267,11427.99
13_PNG,2035,66.07353409303744,11606.998
13_PNG,2036,66.4165102426114,11785.3939999999
13_PNG,2037,66.82580634432648,11963.133
13_PNG,2038,67.33930084924404,12140.216
13_PNG,2039,67.93906549864366,12316.705
13_PNG,2040,68.65728376978184,12492.601
13_PNG,2041,69.45729198652339,12667.861
13_PNG,2042,70.37996747625343,12842.389
13_PNG,2043,71.42775788232898,13016.12
13_PNG,2044,72.58035996334569,13188.99
13_PNG,2045,73.79587061754447,13360.906
13_PNG,2046,75.16562391314679,13531.839
13_PNG,2047,76.84462520086586,13701.743
13_PNG,2048,78.38420281906554,13870.481
13_PNG,2049,80.2465858918374,14037.961
13_PNG,2050,81.97925189977418,14204.06
13_PNG,2051,82.63014892587756,
13_PNG,2052,83.31500197452358,
13_PNG,2053,84.03473339406003,
13_PNG,2054,84.79031589055944,
13_PNG,2055,85.58278451510627,
13_PNG,2056,86.41329242874258,
13_PNG,2057,87.28311685040309,
13_PNG,2058,88.19362985411385,
13_PNG,2059,89.14631117007673,
13_PNG,2060,90.14266121747721,
13_PNG,2061,91.1842290750971,
13_PNG,2062,92.2725663058575,
13_PNG,2063,93.40931805114258,
13_PNG,2064,94.59613575160463,
13_PNG,2065,95.83481342019918,
13_PNG,2066,97.12720950270385,
13_PNG,2067,98.47526843856708,
13_PNG,2068,99.88117508500635,
13_PNG,2069,101.34722760438895,
13_PNG,2070,102.87576634539627,
14_PE,2017,146.66807505468407,31444.299
14_PE,2018,156.79520894323915,31989.265
14_PE,2019,156.27749092109357,32510.462
14_PE,2020,143.40657438021793,32971.846
14_PE,2021,147.87619833125768,33359.416
14_PE,2022,151.02797601127602,33684.218
14_PE,2023,154.45075522198925,33966.046
14_PE,2024,157.28032545904787,34236.195
14_PE,2025,158.98539128061236,34517.501
14_PE,2026,160.49185306460467,34814.66
14_PE,2027,161.97797296149298,35119.951
14_PE,2028,163.84540812510593,35429.212
14_PE,2029,165.5351587562797,35734.664
14_PE,2030,167.65148182322648,36030.592
14_PE,2031,169.4006354133437,36316.896
14_PE,2032,171.5688919287076,36596.066
14_PE,2033,173.58759968162292,36867.743
14_PE,2034,176.03469668741786,37131.741
14_PE,2035,178.53673686268206,37387.959
14_PE,2036,180.9080622753342,37636.011
14_PE,2037,183.538530207733,37875.782
14_PE,2038,186.43177419437177,38107.859
14_PE,2039,189.02603187043366,38333.101
14_PE,2040,192.07529986531702,38552.118
14_PE,2041,195.4265091790481,38765.025
14_PE,2042,198.89551326119192,38971.595
14_PE,2043,202.65802766744125,39171.666
14_PE,2044,206.3426758996392,39364.97
14_PE,2045,210.33522793723125,39551.257
14_PE,2046,214.45287757251265,39730.464
14_PE,2047,218.89599210316553,39902.535
14_PE,2048,223.48080870131324,40067.277
14_PE,2049,228.2151114954705,40224.491
14_PE,2050,233.30194066750204,40373.987
14_PE,2051,0.0,
14_PE,2052,0.0,
14_PE,2053,0.0,
14_PE,2054,0.0,
14_PE,2055,0.0,
14_PE,2056,0.0,
14_PE,2057,0.0,
14_PE,2058,0.0,
14_PE,2059,0.0,
14_PE,2060,0.0,
14_PE,2061,0.0,
14_PE,2062,0.0,
14_PE,2063,0.0,
14_PE,2064,0.0,
14_PE,2065,0.0,
14_PE,2066,0.0,
14_PE,2067,0.0,
14_PE,2068,0.0,
14_PE,2069,0.0,
14_PE,2070,0.0,
15_RP,2017,0.0,105172.921
15_RP,2018,0.0,106651.394
15_RP,2019,0.0,108116.622
15_RP,2020,0.0,109581.085
15_RP,2021,0.0,111046.91
15_RP,2022,0.0,112508.991
15_RP,2023,0.0,113964.103
15_RP,2024,0.0,115406.85
15_RP,2025,0.0,116833.055
15_RP,2026,0.0,118241.483
15_RP,2027,0.0,119632.644
15_RP,2028,0.0,121006.009
15_RP,2029,0.0,122361.316
15_RP,2030,0.0,123697.926
15_RP,2031,0.0,125015.254
15_RP,2032,0.0,126311.55
15_RP,2033,0.0,127583.581
15_RP,2034,0.0,128827.331
15_RP,2035,0.0,130039.796
15_RP,2036,0.0,131219.343
15_RP,2037,0.0,132365.993
15_RP,2038,0.0,133480.504
15_RP,2039,0.0,134564.430999999
15_RP,2040,0.0,135618.864
15_RP,2041,0.0,136643.591
15_RP,2042,0.0,137637.9
15_RP,2043,0.0,138601.775999999
15_RP,2044,0.0,139535.238
15_RP,2045,0.0,140438.213
15_RP,2046,0.0,141310.851
15_RP,2047,0.0,142152.969
15_RP,2048,0.0,142963.816999999
15_RP,2049,0.0,143742.427
15_RP,2050,0.0,144488.171
15_RP,2051,0.0,
15_RP,2052,0.0,
15_RP,2053,0.0,
15_RP,2054,0.0,
15_RP,2055,0.0,
15_RP,2056,0.0,
15_RP,2057,0.0,
15_RP,2058,0.0,
15_RP,2059,0.0,
15_RP,2060,0.0,
15_RP,2061,0.0,
15_RP,2062,0.0,
15_RP,2063,0.0,
15_RP,2064,0.0,
15_RP,2065,0.0,
15_RP,2066,0.0,
15_RP,2067,0.0,
15_RP,2068,0.0,
15_RP,2069,0.0,
15_RP,2070,0.0,
16_RUS,2017,5223.765542576246,145530.091
16_RUS,2018,5905.703659833502,145734.034
16_RUS,2019,5040.338605897586,145872.26
16_RUS,2020,4976.106704053829,145934.46
16_RUS,2021,4989.542410605795,145912.022
16_RUS,2022,5012.303684898824,145805.944
16_RUS,2023,5024.552703910532,145628.574
16_RUS,2024,5037.476015800863,145399.122
16_RUS,2025,5050.0407773500765,145132.732
16_RUS,2026,5060.506080171937,144834.096
16_RUS,2027,5068.971951338088,144502.582
16_RUS,2028,5075.453747990368,144142.094
16_RUS,2029,5088.334880059923,143755.891
16_RUS,2030,5097.236876947822,143347.514
16_RUS,2031,5103.34231177486,142920.743
16_RUS,2032,5115.954059392161,142480.339
16_RUS,2033,5122.558257137776,142031.804
16_RUS,2034,5131.5013950520215,141581.092
16_RUS,2035,5142.713194403978,141133.253
16_RUS,2036,5151.791079149569,140691.316
16_RUS,2037,5158.958469572986,140257.453
16_RUS,2038,5168.356355412886,139834.566
16_RUS,2039,5177.880483517331,139425.187
16_RUS,2040,5185.403635449041,139031.166
16_RUS,2041,5195.061687763412,138653.905
16_RUS,2042,5198.481728938541,138293.612
16_RUS,2043,5208.029569872962,137949.04
16_RUS,2044,5217.491111248835,137618.025999999
16_RUS,2045,5220.678783102064,137298.524
16_RUS,2046,5229.935993335647,136989.919
16_RUS,2047,5237.011548454505,136691.346999999
16_RUS,2048,5246.042890483093,136399.881999999
16_RUS,2049,5255.022926194927,136111.929
16_RUS,2050,5265.884914696061,135824.486
16_RUS,2051,5282.365616483716,
16_RUS,2052,5297.070862470884,
16_RUS,2053,5314.105520741519,
16_RUS,2054,5331.418104718484,
16_RUS,2055,5349.009336283395,
16_RUS,2056,5366.879953456992,
16_RUS,2057,5385.030710540316,
16_RUS,2058,5403.462378254582,
16_RUS,2059,5424.229971273611,
16_RUS,2060,5443.226544313373,
16_RUS,2061,5464.562274798919,
16_RUS,2062,5484.127427959765,
16_RUS,2063,5506.035426481771,
16_RUS,2064,5528.231694561089,
16_RUS,2065,5550.717408163604,
16_RUS,2066,5573.4937586276355,
16_RUS,2067,5598.624540398709,
16_RUS,2068,5621.987275944005,
16_RUS,2069,5647.710041395506,
16_RUS,2070,5671.664490869383,
17_SIN,2017,0.0,5708.04199999999
17_SIN,2018,0.0,5757.503
17_SIN,2019,0.0,5804.343
17_SIN,2020,0.0,5850.343
17_SIN,2021,0.0,5896.684
17_SIN,2022,0.0,5943.55099999999
17_SIN,2023,0.0,5990.29199999999
17_SIN,2024,0.0,6035.675
17_SIN,2025,0.0,6078.76
17_SIN,2026,0.0,6119.58599999999
17_SIN,2027,0.0,6158.533
17_SIN,2028,0.0,6195.443
17_SIN,2029,0.0,6230.132
17_SIN,2030,0.0,6262.465
17_SIN,2031,0.0,6292.363
17_SIN,2032,0.0,6319.769
17_SIN,2033,0.0,6344.626
17_SIN,2034,0.0,6366.868
17_SIN,2035,0.0,6386.454
17_SIN,2036,0.0,6403.394
17_SIN,2037,0.0,6417.695
17_SIN,2038,0.0,6429.411
17_SIN,2039,0.0,6438.647
17_SIN,2040,0.0,6445.489
17_SIN,2041,0.0,6450.003
17_SIN,2042,0.0,6452.27
17_SIN,2043,0.0,6452.433
17_SIN,2044,0.0,6450.679
17_SIN,2045,0.0,6447.175
17_SIN,2046,0.0,6442.025
17_SIN,2047,0.0,6435.31699999999
17_SIN,2048,0.0,6427.251
17_SIN,2049,0.0,6417.931
17_SIN,2050,0.0,6407.528
17_SIN,2051,0.0,
17_SIN,2052,0.0,
17_SIN,2053,0.0,
17_SIN,2054,0.0,
17_SIN,2055,0.0,
17_SIN,2056,0.0,
17_SIN,2057,0.0,
17_SIN,2058,0.0,
17_SIN,2059,0.0,
17_SIN,2060,0.0,
17_SIN,2061,0.0,
17_SIN,2062,0.0,
17_SIN,2063,0.0,
17_SIN,2064,0.0,
17_SIN,2065,0.0,
17_SIN,2066,0.0,
17_SIN,2067,0.0,
17_SIN,2068,0.0,
17_SIN,2069,0.0,
17_SIN,2070,0.0,
18_CT,2017,241.45692898189165,23674.546
18_CT,2018,235.62238539153125,23726.46
18_CT,2019,235.04381161025793,23773.881
18_CT,2020,242.0093229873857,23816.775
18_CT,2021,236.03297212770627,23855.008
18_CT,2022,238.82969920606646,23888.6
18_CT,2023,241.30643002173565,23917.88
18_CT,2024,244.48279335432824,23943.319
18_CT,2025,247.3670616295821,23965.154
18_CT,2026,250.01958058734786,23983.359
18_CT,2027,253.58626720967064,23997.588
18_CT,2028,256.90506529672825,24007.365
18_CT,2029,259.85980245555544,24012.114
18_CT,2030,262.4195592695391,24011.257
18_CT,2031,264.4887223142735,24004.598
18_CT,2032,265.9241262343725,23991.857
18_CT,2033,266.84101839319453,23972.199
18_CT,2034,267.06735745634666,23944.616
18_CT,2035,266.5525640982353,23908.35
18_CT,2036,265.1666314475068,23863.196
18_CT,2037,264.1560834160791,23809.182
18_CT,2038,262.3824265150575,23746.175
18_CT,2039,259.781242671324,23674.177
18_CT,2040,256.3730186850794,23593.256
18_CT,2041,252.2193252430012,23503.483
18_CT,2042,247.3012043848499,23405.196
18_CT,2043,241.78884548287215,23299.259
18_CT,2044,235.77033971698293,23186.81
18_CT,2045,229.36744182875745,23068.795
18_CT,2046,222.59532436834547,22945.726
18_CT,2047,215.55626918075367,22817.979
18_CT,2048,208.2997549560964,22686.171
18_CT,2049,200.90000767910152,22550.98
18_CT,2050,193.4505537634814,22412.979
18_CT,2051,185.99138945110008,
18_CT,2052,178.54114144367824,
18_CT,2053,171.14348367856758,
18_CT,2054,163.8380750638339,
18_CT,2055,156.65286323917255,
18_CT,2056,149.61018272037637,
18_CT,2057,142.72289519801834,
18_CT,2058,135.99835939442025,
18_CT,2059,129.43945630423156,
18_CT,2060,123.04698798715512,
18_CT,2061,116.8240413120905,
18_CT,2062,110.77203723966312,
18_CT,2063,104.87624374632274,
18_CT,2064,99.12089613386769,
18_CT,2065,93.49427590184433,
18_CT,2066,87.99646554139487,
18_CT,2067,82.6301090003358,
18_CT,2068,77.38930451200677,
18_CT,2069,72.26728525401603,
18_CT,2070,67.26210810659457,
19_THA,2017,505.06880138677064,69209.817
19_THA,2018,500.472059518344,69428.454
19_THA,2019,513.0645537904026,69625.5809999999
19_THA,2020,491.00462902474675,69799.978
19_THA,2021,493.14652367298225,69950.844
19_THA,2022,503.19848936958624,70078.198
19_THA,2023,510.3037127614676,70182.829
19_THA,2024,519.775423635581,70266.064
19_THA,2025,526.514268270738,70328.932
19_THA,2026,531.986281079669,70371.639
19_THA,2027,536.9684670026737,70394.102
19_THA,2028,539.2516790349669,70396.854
19_THA,2029,548.3085535592589,70380.496
19_THA,2030,554.5932296274133,70345.543
19_THA,2031,558.3566706875914,70292.293
19_THA,2032,566.2658616413065,70220.9
19_THA,2033,571.5648991364296,70131.526
19_THA,2034,578.6492168590762,70024.233
19_THA,2035,585.4450941979028,69899.112
19_THA,2036,591.6774237949935,69756.445
19_THA,2037,597.5007322911216,69596.352
19_THA,2038,602.9219560436331,69418.5279999999
19_THA,2039,612.0037530871198,69222.586
19_THA,2040,616.5793582623897,69008.295
19_THA,2041,622.84810086752,68775.781
19_THA,2042,630.5829726796094,68525.507
19_THA,2043,637.8663174717739,68257.808
19_THA,2044,643.3058791315282,67973.162
19_THA,2045,649.7551917149727,67672.072
19_THA,2046,655.7690033130191,67355.05
19_THA,2047,663.0677230521576,67022.652
19_THA,2048,670.0015336488963,66675.564
19_THA,2049,674.692505452138,66314.572
19_THA,2050,680.5925814093933,65940.494
19_THA,2051,0.0,
19_THA,2052,0.0,
19_THA,2053,0.0,
19_THA,2054,0.0,
19_THA,2055,0.0,
19_THA,2056,0.0,
19_THA,2057,0.0,
19_THA,2058,0.0,
19_THA,2059,0.0,
19_THA,2060,0.0,
19_THA,2061,0.0,
19_THA,2062,0.0,
19_THA,2063,0.0,
19_THA,2064,0.0,
19_THA,2065,0.0,
19_THA,2066,0.0,
19_THA,2067,0.0,
19_THA,2068,0.0,
19_THA,2069,0.0,
19_THA,2070,0.0,
20_USA,2017,10527.568032443873,325084.758
20_USA,2018,11458.967068885839,327096.263
20_USA,2019,11046.285088239178,329064.917
20_USA,2020,10421.694290370973,331002.647
20_USA,2021,11012.36045655592,332915.074
20_USA,2022,11090.50666745699,334805.268
20_USA,2023,11110.526247621321,336679.231
20_USA,2024,11157.220497586506,338542.562
20_USA,2025,11175.019453473767,340399.604
20_USA,2026,11191.9851839357,342251.975
20_USA,2027,11208.01039724869,344100.699
20_USA,2028,11223.111947654565,345947.847
20_USA,2029,11237.313756783158,347795.041
20_USA,2030,11250.536053160678,349641.876
20_USA,2031,11287.352459210513,351490.178
20_USA,2032,11297.775892261076,353335.452
20_USA,2033,11332.962656531516,355162.92
20_USA,2034,11367.63506122006,356952.972
20_USA,2035,11377.457331514433,358690.997
20_USA,2036,11411.403009337262,360371.86
20_USA,2037,11469.535289106287,361997.62
20_USA,2038,11503.23560592675,363569.997
20_USA,2039,11536.814837407603,365093.536
20_USA,2040,11593.713397915524,366572.15
20_USA,2041,11650.941882178478,368006.425
20_USA,2042,11684.491189667911,369396.555
20_USA,2043,11740.821707316964,370746.305
20_USA,2044,11819.293291904503,372060.394
20_USA,2045,11874.144038742108,373343.357
20_USA,2046,11950.692879867667,374598.068
20_USA,2047,12003.916078849597,375827.634
20_USA,2048,12078.371340194111,377037.244
20_USA,2049,12151.556893359522,378232.679
20_USA,2050,12223.475785129116,379419.097
20_USA,2051,0.0,
20_USA,2052,0.0,
20_USA,2053,0.0,
20_USA,2054,0.0,
20_USA,2055,0.0,
20_USA,2056,0.0,
20_USA,2057,0.0,
20_USA,2058,0.0,
20_USA,2059,0.0,
20_USA,2060,0.0,
20_USA,2061,0.0,
20_USA,2062,0.0,
20_USA,2063,0.0,
20_USA,2064,0.0,
20_USA,2065,0.0,
20_USA,2066,0.0,
20_USA,2067,0.0,
20_USA,2068,0.0,
20_USA,2069,0.0,
20_USA,2070,0.0,
21_VN,2017,349.3681925326127,94600.643
21_VN,2018,333.8122783902687,95545.959
21_VN,2019,375.5693066213216,96462.108
21_VN,2020,384.0281320568051,97338.583
21_VN,2021,413.8269535855747,98168.829
21_VN,2022,448.8986124639433,98953.535
21_VN,2023,477.5037086234819,99698.631
21_VN,2024,508.23527325302575,100414.087
21_VN,2025,540.0607819684421,101106.833
21_VN,2026,564.6390232350419,101778.646
21_VN,2027,589.446998167796,102425.785
21_VN,2028,615.8929996994253,103043.295
21_VN,2029,644.7335319171533,103624.127
21_VN,2030,673.9484792762727,104163.523
21_VN,2031,701.906998429838,104660.42
21_VN,2032,735.8393574776758,105117.644
21_VN,2033,770.787577905099,105539.068
21_VN,2034,809.2698430377142,105930.352
21_VN,2035,847.9186049075902,106296.112
21_VN,2036,889.4008500414378,106637.622
21_VN,2037,931.8162865459492,106955.382
21_VN,2038,975.8794599895907,107252.235
21_VN,2039,1016.5080884975537,107531.321
21_VN,2040,1067.3318297997896,107795.035
21_VN,2041,1111.7590853815643,108044.733
21_VN,2042,1155.221132325361,108280.678
21_VN,2043,1198.6510032068866,108502.624
21_VN,2044,1239.7567449135247,108709.692
21_VN,2045,1280.3627398847852,108901.041
21_VN,2046,1321.4794059789583,109076.751
21_VN,2047,1360.9381770645793,109236.674
21_VN,2048,1409.3382860595461,109379.296
21_VN,2049,1448.6058278027951,109502.617
21_VN,2050,1495.4847310037424,109605.01
21_VN,2051,0.0,
21_VN,2052,0.0,
21_VN,2053,0.0,
21_VN,2054,0.0,
21_VN,2055,0.0,
21_VN,2056,0.0,
21_VN,2057,0.0,
21_VN,2058,0.0,
21_VN,2059,0.0,
21_VN,2060,0.0,
21_VN,2061,0.0,
21_VN,2062,0.0,
21_VN,2063,0.0,
21_VN,2064,0.0,
21_VN,2065,0.0,
21_VN,2066,0.0,
21_VN,2067,0.0,
21_VN,2068,0.0,
21_VN,2069,0.0,
21_VN,2070,0.0,
